8321.0,118.76685533415844,300000,BubbleSortBestCase - 0
8570.0,128.18947853880002,300000,BubbleSortBestCase - 1
6919.0,100.24797374959996,300000,BubbleSortBestCase - 2
7004.0,99.43566661980198,300000,BubbleSortBestCase - 3
7081.0,100.63594231811881,300000,BubbleSortBestCase - 4
7122.0,99.90009959000001,300000,BubbleSortBestCase - 5
7151.0,99.65402595564356,300000,BubbleSortBestCase - 6
7200.0,98.5683458648,300000,BubbleSortBestCase - 7
7237.0,100.2587600248,300000,BubbleSortBestCase - 8
7241.0,98.84396069514848,300000,BubbleSortBestCase - 9
452.0,4.4878958186,75000,BubbleSortBestCase - 0
454.0,5.7821056208,75000,BubbleSortBestCase - 1
451.0,4.9409997976,75000,BubbleSortBestCase - 2
452.0,4.617968847425742,75000,BubbleSortBestCase - 3
454.0,5.763412525841584,75000,BubbleSortBestCase - 4
449.0,5.161270331000001,75000,BubbleSortBestCase - 5
456.0,4.477348283366337,75000,BubbleSortBestCase - 6
453.0,4.549316643168317,75000,BubbleSortBestCase - 7
451.0,5.322349297920793,75000,BubbleSortBestCase - 8
452.0,5.0561550426,75000,BubbleSortBestCase - 9
3215.0,43.31207227623762,200000,BubbleSortBestCase - 0
3226.0,43.00139526386138,200000,BubbleSortBestCase - 1
3231.0,42.72432693249999,200000,BubbleSortBestCase - 2
3228.0,42.9580077040594,200000,BubbleSortBestCase - 3
3236.0,43.54737262000001,200000,BubbleSortBestCase - 4
3243.0,42.887295646000005,200000,BubbleSortBestCase - 5
3253.0,42.6085217082,200000,BubbleSortBestCase - 6
3249.0,42.632241522277226,200000,BubbleSortBestCase - 7
3244.0,42.402077441089105,200000,BubbleSortBestCase - 8
3235.0,44.017266000700005,200000,BubbleSortBestCase - 9
52.0,0.0,25000,BubbleSortBestCase - 0
51.0,0.0,25000,BubbleSortBestCase - 1
51.0,0.0,25000,BubbleSortBestCase - 2
51.0,0.0,25000,BubbleSortBestCase - 3
51.0,0.0,25000,BubbleSortBestCase - 4
50.0,0.0,25000,BubbleSortBestCase - 5
52.0,0.992185,25000,BubbleSortBestCase - 6
52.0,0.0,25000,BubbleSortBestCase - 7
52.0,0.0,25000,BubbleSortBestCase - 8
50.0,0.0,25000,BubbleSortBestCase - 9
801.0,9.669949405247525,100000,BubbleSortBestCase - 0
805.0,10.165546552376238,100000,BubbleSortBestCase - 1
806.0,10.098366596,100000,BubbleSortBestCase - 2
811.0,10.357033190000003,100000,BubbleSortBestCase - 3
806.0,9.1763048976,100000,BubbleSortBestCase - 4
807.0,9.524501970000001,100000,BubbleSortBestCase - 5
809.0,9.819631664400001,100000,BubbleSortBestCase - 6
808.0,9.884643219207922,100000,BubbleSortBestCase - 7
806.0,10.191288858613863,100000,BubbleSortBestCase - 8
807.0,10.3031164028,100000,BubbleSortBestCase - 9
202.0,0.8333655084999998,50000,BubbleSortBestCase - 0
200.0,1.3585324619999999,50000,BubbleSortBestCase - 1
202.0,1.6326961006930694,50000,BubbleSortBestCase - 2
200.0,1.59186547009901,50000,BubbleSortBestCase - 3
200.0,0.6363911190099011,50000,BubbleSortBestCase - 4
200.0,1.0342790209900992,50000,BubbleSortBestCase - 5
199.0,1.4585173663366338,50000,BubbleSortBestCase - 6
205.0,1.6323339745,50000,BubbleSortBestCase - 7
200.0,1.6365015589999998,50000,BubbleSortBestCase - 8
205.0,0.7378497279999999,50000,BubbleSortBestCase - 9
13158.0,201.99006975,400000,BubbleSortBestCase - 0
13505.0,214.45966073960005,400000,BubbleSortBestCase - 1
13806.0,205.9394764769307,400000,BubbleSortBestCase - 2
13591.0,194.55974233297025,400000,BubbleSortBestCase - 3
13170.0,183.5919707714,400000,BubbleSortBestCase - 4
13182.0,183.55858012290005,400000,BubbleSortBestCase - 5
13199.0,182.06957497800005,400000,BubbleSortBestCase - 6
13165.0,182.03449904396032,400000,BubbleSortBestCase - 7
13222.0,182.88495986010008,400000,BubbleSortBestCase - 8
13215.0,183.582022839505,400000,BubbleSortBestCase - 9
3682.0,51.69120218217821,75000,BubbleSortWorstCase - 0
730.0,9.410104262800001,75000,BubbleSortWorstCase - 1
731.0,8.781688594,75000,BubbleSortWorstCase - 2
732.0,8.896749347500002,75000,BubbleSortWorstCase - 3
729.0,8.871567119999998,75000,BubbleSortWorstCase - 4
731.0,8.898005808613862,75000,BubbleSortWorstCase - 5
729.0,8.82813468,75000,BubbleSortWorstCase - 6
729.0,8.699949745940593,75000,BubbleSortWorstCase - 7
726.0,8.756902883,75000,BubbleSortWorstCase - 8
726.0,8.638120954257426,75000,BubbleSortWorstCase - 9
389.0,3.9794632040000004,25000,BubbleSortWorstCase - 0
82.0,0.0,25000,BubbleSortWorstCase - 1
81.0,0.0,25000,BubbleSortWorstCase - 2
82.0,0.0,25000,BubbleSortWorstCase - 3
81.0,0.0,25000,BubbleSortWorstCase - 4
81.0,0.0,25000,BubbleSortWorstCase - 5
81.0,0.0,25000,BubbleSortWorstCase - 6
81.0,0.0,25000,BubbleSortWorstCase - 7
81.0,0.0,25000,BubbleSortWorstCase - 8
82.0,0.0,25000,BubbleSortWorstCase - 9
24350.0,330.01048159120023,200000,BubbleSortWorstCase - 0
5961.0,84.17046862770003,200000,BubbleSortWorstCase - 1
5178.0,72.23997695320001,200000,BubbleSortWorstCase - 2
5189.0,73.81606039039998,200000,BubbleSortWorstCase - 3
5193.0,72.20915323119999,200000,BubbleSortWorstCase - 4
5202.0,73.46541288079209,200000,BubbleSortWorstCase - 5
5192.0,71.95445479159999,200000,BubbleSortWorstCase - 6
5208.0,71.96293052399999,200000,BubbleSortWorstCase - 7
5537.0,69.85490509891089,200000,BubbleSortWorstCase - 8
5529.0,70.07179135679998,200000,BubbleSortWorstCase - 9
100926.0,1344.9883579460386,400000,BubbleSortWorstCase - 0
22239.0,290.8597073876,400000,BubbleSortWorstCase - 1
22274.0,289.0095086292002,400000,BubbleSortWorstCase - 2
22548.0,298.3450276180002,400000,BubbleSortWorstCase - 3
22276.0,290.88972747500003,400000,BubbleSortWorstCase - 4
22305.0,288.54914967459996,400000,BubbleSortWorstCase - 5
22319.0,289.4130197768001,400000,BubbleSortWorstCase - 6
22386.0,290.28014191359983,400000,BubbleSortWorstCase - 7
22383.0,286.3820574570001,400000,BubbleSortWorstCase - 8
22373.0,287.57610480009896,400000,BubbleSortWorstCase - 9
1578.0,20.3543525672,50000,BubbleSortWorstCase - 0
344.0,3.703513157227723,50000,BubbleSortWorstCase - 1
343.0,2.7412040431683167,50000,BubbleSortWorstCase - 2
342.0,2.9405184948,50000,BubbleSortWorstCase - 3
341.0,3.888138833267327,50000,BubbleSortWorstCase - 4
342.0,3.4163456464,50000,BubbleSortWorstCase - 5
342.0,3.0623021867,50000,BubbleSortWorstCase - 6
340.0,2.817978568019802,50000,BubbleSortWorstCase - 7
341.0,3.6863201156,50000,BubbleSortWorstCase - 8
342.0,2.7001218468,50000,BubbleSortWorstCase - 9
57079.0,748.0761155292005,300000,BubbleSortWorstCase - 0
12558.0,155.312791325,300000,BubbleSortWorstCase - 1
12507.0,157.56959406000001,300000,BubbleSortWorstCase - 2
12512.0,158.73261414310002,300000,BubbleSortWorstCase - 3
12476.0,158.28755556800002,300000,BubbleSortWorstCase - 4
12496.0,156.5447006269307,300000,BubbleSortWorstCase - 5
12493.0,159.01548078500002,300000,BubbleSortWorstCase - 6
12479.0,157.9655444798019,300000,BubbleSortWorstCase - 7
12479.0,160.13089886479992,300000,BubbleSortWorstCase - 8
12475.0,158.04885537049506,300000,BubbleSortWorstCase - 9
6315.0,82.13922897999998,100000,BubbleSortWorstCase - 0
1387.0,17.00050999930693,100000,BubbleSortWorstCase - 1
1385.0,16.209922186,100000,BubbleSortWorstCase - 2
1382.0,16.56480800029703,100000,BubbleSortWorstCase - 3
1381.0,17.082697803267326,100000,BubbleSortWorstCase - 4
1387.0,15.685549812079207,100000,BubbleSortWorstCase - 5
1385.0,16.8281542971,100000,BubbleSortWorstCase - 6
1386.0,16.970326684099998,100000,BubbleSortWorstCase - 7
1382.0,17.212018483663364,100000,BubbleSortWorstCase - 8
1382.0,16.065812359009904,100000,BubbleSortWorstCase - 9
111276.0,1532.9701418999994,300000,BubbleSortRandomCase - 0
12622.0,164.6866336315999,300000,BubbleSortRandomCase - 1
12593.0,163.8955259619801,300000,BubbleSortRandomCase - 2
12524.0,162.85253846,300000,BubbleSortRandomCase - 3
12473.0,163.22141434564358,300000,BubbleSortRandomCase - 4
201715.0,2655.3107320063373,400000,BubbleSortRandomCase - 0
22592.0,281.39300091752494,400000,BubbleSortRandomCase - 1
22480.0,286.8935033767327,400000,BubbleSortRandomCase - 2
22503.0,285.86845436049504,400000,BubbleSortRandomCase - 3
22527.0,285.9659344812999,400000,BubbleSortRandomCase - 4
6839.0,90.62446036599998,75000,BubbleSortRandomCase - 0
782.0,8.707725680800001,75000,BubbleSortRandomCase - 1
784.0,9.56455203841584,75000,BubbleSortRandomCase - 2
784.0,8.2782632575,75000,BubbleSortRandomCase - 3
783.0,8.759786877,75000,BubbleSortRandomCase - 4
50159.0,664.1704174123998,200000,BubbleSortRandomCase - 0
5600.0,67.7205930036,200000,BubbleSortRandomCase - 1
5595.0,68.49845071840001,200000,BubbleSortRandomCase - 2
5582.0,69.61931497029705,200000,BubbleSortRandomCase - 3
5593.0,68.64087399,200000,BubbleSortRandomCase - 4
51255.0,711.5737451380006,200000,BubbleSortRandomCase - 0
5680.0,66.75291179217824,200000,BubbleSortRandomCase - 1
5633.0,66.87714457,200000,BubbleSortRandomCase - 2
5628.0,66.86370647148517,200000,BubbleSortRandomCase - 3
5621.0,68.75406142899995,200000,BubbleSortRandomCase - 4
12388.0,163.22862103960003,100000,BubbleSortRandomCase - 0
1402.0,16.677970552500003,100000,BubbleSortRandomCase - 1
1400.0,16.493041446237626,100000,BubbleSortRandomCase - 2
1397.0,16.7061538108,100000,BubbleSortRandomCase - 3
1394.0,16.7201232336,100000,BubbleSortRandomCase - 4
113822.0,1519.3732148958425,300000,BubbleSortRandomCase - 0
12387.0,161.10675836920004,300000,BubbleSortRandomCase - 1
12361.0,162.30995807360003,300000,BubbleSortRandomCase - 2
12370.0,163.32693087811887,300000,BubbleSortRandomCase - 3
12354.0,161.92961273519998,300000,BubbleSortRandomCase - 4
674.0,8.870414238811883,25000,BubbleSortRandomCase - 0
84.0,0.55225456,25000,BubbleSortRandomCase - 1
83.0,0.605416603069307,25000,BubbleSortRandomCase - 2
84.0,0.0,25000,BubbleSortRandomCase - 3
84.0,0.0,25000,BubbleSortRandomCase - 4
197394.0,2772.090079985352,400000,BubbleSortRandomCase - 0
22271.0,294.1957509328001,400000,BubbleSortRandomCase - 1
22245.0,293.4372286672277,400000,BubbleSortRandomCase - 2
22171.0,294.7111648804001,400000,BubbleSortRandomCase - 3
22190.0,296.20617211574273,400000,BubbleSortRandomCase - 4
6735.0,90.596682726,75000,BubbleSortRandomCase - 0
776.0,9.3771413118,75000,BubbleSortRandomCase - 1
771.0,9.436320951599999,75000,BubbleSortRandomCase - 2
772.0,9.422060538799998,75000,BubbleSortRandomCase - 3
762.0,10.124836686237625,75000,BubbleSortRandomCase - 4
6456.0,93.88023791376239,75000,BubbleSortRandomCase - 0
748.0,8.5747594228,75000,BubbleSortRandomCase - 1
750.0,9.48076304,75000,BubbleSortRandomCase - 2
747.0,9.702295479009901,75000,BubbleSortRandomCase - 3
744.0,9.274158853600001,75000,BubbleSortRandomCase - 4
6455.0,92.52333601376237,75000,BubbleSortRandomCase - 0
760.0,9.197047998811883,75000,BubbleSortRandomCase - 1
746.0,9.489706920099009,75000,BubbleSortRandomCase - 2
746.0,8.879935405940595,75000,BubbleSortRandomCase - 3
745.0,9.365976156,75000,BubbleSortRandomCase - 4
2819.0,39.71637073300001,50000,BubbleSortRandomCase - 0
330.0,4.0409505,50000,BubbleSortRandomCase - 1
331.0,3.4759820042000005,50000,BubbleSortRandomCase - 2
330.0,3.2256218052,50000,BubbleSortRandomCase - 3
330.0,3.725763735,50000,BubbleSortRandomCase - 4
2840.0,39.517879984800004,50000,BubbleSortRandomCase - 0
332.0,3.8711257776,50000,BubbleSortRandomCase - 1
331.0,3.06609259009901,50000,BubbleSortRandomCase - 2
331.0,4.1588001404,50000,BubbleSortRandomCase - 3
331.0,2.776460394554456,50000,BubbleSortRandomCase - 4
47416.0,684.3891982187994,200000,BubbleSortRandomCase - 0
5366.0,72.85661244300002,200000,BubbleSortRandomCase - 1
5347.0,71.75671038693069,200000,BubbleSortRandomCase - 2
5344.0,72.06560739465348,200000,BubbleSortRandomCase - 3
5480.0,71.34781843640002,200000,BubbleSortRandomCase - 4
686.0,8.397345939200001,25000,BubbleSortRandomCase - 0
85.0,0.0,25000,BubbleSortRandomCase - 1
84.0,0.0,25000,BubbleSortRandomCase - 2
85.0,0.0,25000,BubbleSortRandomCase - 3
85.0,0.0,25000,BubbleSortRandomCase - 4
12171.0,164.50312995336628,100000,BubbleSortRandomCase - 0
1386.0,16.347951044455442,100000,BubbleSortRandomCase - 1
1384.0,16.772301052400003,100000,BubbleSortRandomCase - 2
1382.0,16.836536901980196,100000,BubbleSortRandomCase - 3
1380.0,17.107053152999995,100000,BubbleSortRandomCase - 4
12116.0,165.56914985799986,100000,BubbleSortRandomCase - 0
1380.0,17.327524653168318,100000,BubbleSortRandomCase - 1
1378.0,17.281344071000003,100000,BubbleSortRandomCase - 2
1376.0,17.258967646237625,100000,BubbleSortRandomCase - 3
1376.0,17.279377606633666,100000,BubbleSortRandomCase - 4
192289.0,2711.692547381406,400000,BubbleSortRandomCase - 0
21732.0,293.9322296284,400000,BubbleSortRandomCase - 1
21717.0,293.9785236773999,400000,BubbleSortRandomCase - 2
21669.0,294.50657418821766,400000,BubbleSortRandomCase - 3
21688.0,294.3349663335644,400000,BubbleSortRandomCase - 4
47395.0,666.887948558515,200000,BubbleSortRandomCase - 0
5306.0,69.39135726029703,200000,BubbleSortRandomCase - 1
5315.0,69.29029622564357,200000,BubbleSortRandomCase - 2
5643.0,78.4890596168,200000,BubbleSortRandomCase - 3
5327.0,70.50895811059408,200000,BubbleSortRandomCase - 4
48313.0,648.1567809059405,200000,BubbleSortRandomCase - 0
5650.0,74.4344420546535,200000,BubbleSortRandomCase - 1
5396.0,68.9219230444,200000,BubbleSortRandomCase - 2
5589.0,74.20512994720002,200000,BubbleSortRandomCase - 3
5424.0,70.49100604168319,200000,BubbleSortRandomCase - 4
48067.0,643.5759842390003,200000,BubbleSortRandomCase - 0
5404.0,68.62979814,200000,BubbleSortRandomCase - 1
5664.0,74.6180618004,200000,BubbleSortRandomCase - 2
5377.0,67.94848469178217,200000,BubbleSortRandomCase - 3
5629.0,73.80433037950495,200000,BubbleSortRandomCase - 4
195462.0,2613.995192980006,400000,BubbleSortRandomCase - 0
21922.0,295.95153296554446,400000,BubbleSortRandomCase - 1
21543.0,294.33839368000014,400000,BubbleSortRandomCase - 2
21828.0,294.7716105221998,400000,BubbleSortRandomCase - 3
22801.0,276.534884178812,400000,BubbleSortRandomCase - 4
12301.0,155.8692680325,100000,BubbleSortRandomCase - 0
1399.0,16.014382524000002,100000,BubbleSortRandomCase - 1
1606.0,21.57714391049505,100000,BubbleSortRandomCase - 2
1395.0,15.901540980000002,100000,BubbleSortRandomCase - 3
1393.0,15.776278954950497,100000,BubbleSortRandomCase - 4
2972.0,36.826965855544564,50000,BubbleSortRandomCase - 0
347.0,3.3655420625000003,50000,BubbleSortRandomCase - 1
346.0,3.9717528376000004,50000,BubbleSortRandomCase - 2
345.0,4.676602871199999,50000,BubbleSortRandomCase - 3
345.0,2.4139679856000003,50000,BubbleSortRandomCase - 4
6967.0,91.67476965000002,75000,BubbleSortRandomCase - 0
749.0,9.109032412000001,75000,BubbleSortRandomCase - 1
753.0,9.398427100000001,75000,BubbleSortRandomCase - 2
748.0,8.968830420000002,75000,BubbleSortRandomCase - 3
750.0,8.59543634158416,75000,BubbleSortRandomCase - 4
110219.0,1515.932873650992,300000,BubbleSortRandomCase - 0
13070.0,161.0025206768317,300000,BubbleSortRandomCase - 1
12685.0,150.8890509403961,300000,BubbleSortRandomCase - 2
12624.0,153.55210720040006,300000,BubbleSortRandomCase - 3
12158.0,163.49696738599997,300000,BubbleSortRandomCase - 4
658.0,8.02981871,25000,BubbleSortRandomCase - 0
84.0,0.5914537440000001,25000,BubbleSortRandomCase - 1
83.0,0.4984115555000001,25000,BubbleSortRandomCase - 2
84.0,0.65255928,25000,BubbleSortRandomCase - 3
84.0,0.0,25000,BubbleSortRandomCase - 4
6639.0,91.79285704584159,75000,BubbleSortRandomCase - 0
759.0,8.792376667920793,75000,BubbleSortRandomCase - 1
757.0,9.091857648712871,75000,BubbleSortRandomCase - 2
761.0,9.676341522000001,75000,BubbleSortRandomCase - 3
761.0,9.569337736732674,75000,BubbleSortRandomCase - 4
11900.0,166.138949730099,100000,BubbleSortRandomCase - 0
1359.0,17.663492639504952,100000,BubbleSortRandomCase - 1
1360.0,17.893992772673272,100000,BubbleSortRandomCase - 2
1364.0,17.45128789178218,100000,BubbleSortRandomCase - 3
1360.0,17.396100710495055,100000,BubbleSortRandomCase - 4
198882.0,2742.087740638801,400000,BubbleSortRandomCase - 0
23589.0,332.5261939659,400000,BubbleSortRandomCase - 1
22877.0,299.44892945550004,400000,BubbleSortRandomCase - 2
22439.0,290.6037085615842,400000,BubbleSortRandomCase - 3
22419.0,289.9389232010892,400000,BubbleSortRandomCase - 4
682.0,8.596985886,25000,BubbleSortRandomCase - 0
84.0,0.6258897,25000,BubbleSortRandomCase - 1
85.0,0.0,25000,BubbleSortRandomCase - 2
85.0,0.0,25000,BubbleSortRandomCase - 3
85.0,0.8071882880000002,25000,BubbleSortRandomCase - 4
6814.0,90.92730106485152,75000,BubbleSortRandomCase - 0
754.0,9.6992449808,75000,BubbleSortRandomCase - 1
758.0,9.621648238000002,75000,BubbleSortRandomCase - 2
756.0,9.560304948712872,75000,BubbleSortRandomCase - 3
758.0,9.5967019464,75000,BubbleSortRandomCase - 4
197393.0,2759.214528599605,400000,BubbleSortRandomCase - 0
22348.0,296.05926751119995,400000,BubbleSortRandomCase - 1
22819.0,309.50742172959997,400000,BubbleSortRandomCase - 2
22382.0,292.61373332959994,400000,BubbleSortRandomCase - 3
22372.0,295.68549256839987,400000,BubbleSortRandomCase - 4
2943.0,40.1669123204,50000,BubbleSortRandomCase - 0
343.0,3.8264434754455445,50000,BubbleSortRandomCase - 1
343.0,3.3428604728712874,50000,BubbleSortRandomCase - 2
343.0,3.6244150368316834,50000,BubbleSortRandomCase - 3
352.0,3.681254368118812,50000,BubbleSortRandomCase - 4
6990.0,89.06740600851485,75000,BubbleSortRandomCase - 0
804.0,9.34891942,75000,BubbleSortRandomCase - 1
801.0,8.7504452328,75000,BubbleSortRandomCase - 2
798.0,8.998083197200001,75000,BubbleSortRandomCase - 3
782.0,9.0632522788,75000,BubbleSortRandomCase - 4
114615.0,1609.975427755002,300000,BubbleSortRandomCase - 0
12928.0,167.7480956515841,300000,BubbleSortRandomCase - 1
12645.0,165.34091561339994,300000,BubbleSortRandomCase - 2
12980.0,172.42587386841583,300000,BubbleSortRandomCase - 3
12848.0,171.83234012356434,300000,BubbleSortRandomCase - 4
12499.0,179.19016989520006,100000,BubbleSortRandomCase - 0
1406.0,17.71649253376238,100000,BubbleSortRandomCase - 1
1409.0,17.31075465762376,100000,BubbleSortRandomCase - 2
1409.0,17.848439356,100000,BubbleSortRandomCase - 3
1407.0,17.409625536336634,100000,BubbleSortRandomCase - 4
888.0,14.029378830400002,25000,BubbleSortRandomCase - 0
86.0,0.0,25000,BubbleSortRandomCase - 1
86.0,0.8503453218,25000,BubbleSortRandomCase - 2
86.0,0.5852032024000001,25000,BubbleSortRandomCase - 3
87.0,0.0,25000,BubbleSortRandomCase - 4
3007.0,42.59348572396039,50000,BubbleSortRandomCase - 0
351.0,4.24020336019802,50000,BubbleSortRandomCase - 1
352.0,4.311956005600001,50000,BubbleSortRandomCase - 2
350.0,4.0830678484,50000,BubbleSortRandomCase - 3
349.0,4.03520724960396,50000,BubbleSortRandomCase - 4
119974.0,1584.4162696049987,300000,BubbleSortRandomCase - 0
13218.0,149.38777218959999,300000,BubbleSortRandomCase - 1
13153.0,147.54710001160007,300000,BubbleSortRandomCase - 2
13060.0,147.2999500331684,300000,BubbleSortRandomCase - 3
13033.0,148.25367944712872,300000,BubbleSortRandomCase - 4
118628.0,1607.5808712000023,300000,BubbleSortRandomCase - 0
13903.0,170.81255999520005,300000,BubbleSortRandomCase - 1
13832.0,172.30259355399997,300000,BubbleSortRandomCase - 2
13788.0,169.52379826629996,300000,BubbleSortRandomCase - 3
13800.0,168.69874617570002,300000,BubbleSortRandomCase - 4
13426.0,171.84465571257417,100000,BubbleSortRandomCase - 0
1540.0,18.551743821287126,100000,BubbleSortRandomCase - 1
1536.0,18.351186782,100000,BubbleSortRandomCase - 2
1532.0,18.3904643632,100000,BubbleSortRandomCase - 3
1536.0,18.254719981999997,100000,BubbleSortRandomCase - 4
53187.0,657.2995831936996,200000,BubbleSortRandomCase - 0
5941.0,70.33720808220004,200000,BubbleSortRandomCase - 1
5950.0,70.52860685080002,200000,BubbleSortRandomCase - 2
5959.0,70.21835157900001,200000,BubbleSortRandomCase - 3
5924.0,70.1189047264,200000,BubbleSortRandomCase - 4
119150.0,1480.3910805950509,300000,BubbleSortRandomCase - 0
13372.0,160.94753076712877,300000,BubbleSortRandomCase - 1
13369.0,160.99959895460006,300000,BubbleSortRandomCase - 2
13424.0,162.55540305475245,300000,BubbleSortRandomCase - 3
13257.0,162.22726324188122,300000,BubbleSortRandomCase - 4
207756.0,2584.455913805603,400000,BubbleSortRandomCase - 0
22899.0,268.60993398287127,400000,BubbleSortRandomCase - 1
22778.0,269.64275002999995,400000,BubbleSortRandomCase - 2
22767.0,267.505417699,400000,BubbleSortRandomCase - 3
22739.0,267.38996115712854,400000,BubbleSortRandomCase - 4
2969.0,37.5542048938,50000,BubbleSortRandomCase - 0
348.0,3.0780117128712874,50000,BubbleSortRandomCase - 1
347.0,3.6132294563999996,50000,BubbleSortRandomCase - 2
347.0,3.9704667724,50000,BubbleSortRandomCase - 3
349.0,3.8521036203960395,50000,BubbleSortRandomCase - 4
114034.0,1427.3285861635993,300000,BubbleSortRandomCase - 0
12738.0,145.78867162227712,300000,BubbleSortRandomCase - 1
12688.0,146.76352906889997,300000,BubbleSortRandomCase - 2
12628.0,146.26277378439997,300000,BubbleSortRandomCase - 3
12637.0,150.59828332,300000,BubbleSortRandomCase - 4
202436.0,2684.7241252080016,400000,BubbleSortRandomCase - 0
22688.0,282.4260211935001,400000,BubbleSortRandomCase - 1
22620.0,284.85470565940585,400000,BubbleSortRandomCase - 2
22565.0,287.71533461720014,400000,BubbleSortRandomCase - 3
22553.0,287.7319006524755,400000,BubbleSortRandomCase - 4
688.0,9.1306858168,25000,BubbleSortRandomCase - 0
87.0,0.0,25000,BubbleSortRandomCase - 1
86.0,0.5259370677999999,25000,BubbleSortRandomCase - 2
86.0,0.818517642,25000,BubbleSortRandomCase - 3
85.0,0.0,25000,BubbleSortRandomCase - 4
50373.0,683.0950287065333,200000,BubbleSortRandomCase - 0
5673.0,67.282775091,200000,BubbleSortRandomCase - 1
5629.0,67.70267989999996,200000,BubbleSortRandomCase - 2
5624.0,68.8285916017822,200000,BubbleSortRandomCase - 3
5610.0,69.24602854594059,200000,BubbleSortRandomCase - 4
12970.0,178.91823313769996,100000,BubbleSortRandomCase - 0
1490.0,17.66546149019802,100000,BubbleSortRandomCase - 1
1481.0,17.145396568415844,100000,BubbleSortRandomCase - 2
1478.0,17.683667684799996,100000,BubbleSortRandomCase - 3
1478.0,17.444347254800004,100000,BubbleSortRandomCase - 4
221401.0,2757.71752410842,400000,BubbleSortRandomCase - 0
25137.0,312.47452679059415,400000,BubbleSortRandomCase - 1
25094.0,308.2245133844556,400000,BubbleSortRandomCase - 2
24383.0,290.1292448627724,400000,BubbleSortRandomCase - 3
24995.0,310.26881774000015,400000,BubbleSortRandomCase - 4
51368.0,736.0982383168003,200000,BubbleSortRandomCase - 0
5801.0,72.2581860704,200000,BubbleSortRandomCase - 1
5759.0,71.75488671435642,200000,BubbleSortRandomCase - 2
5747.0,72.15318688861385,200000,BubbleSortRandomCase - 3
5795.0,74.40224521000002,200000,BubbleSortRandomCase - 4
701.0,9.2721903732,25000,BubbleSortRandomCase - 0
88.0,0.9123500496,25000,BubbleSortRandomCase - 1
88.0,0.0,25000,BubbleSortRandomCase - 2
89.0,0.6355556038,25000,BubbleSortRandomCase - 3
92.0,0.6819890448,25000,BubbleSortRandomCase - 4
122619.0,1506.1960153288012,300000,BubbleSortRandomCase - 0
13696.0,162.60556026819995,300000,BubbleSortRandomCase - 1
13908.0,168.31354335369988,300000,BubbleSortRandomCase - 2
13976.0,170.10125049900998,300000,BubbleSortRandomCase - 3
14062.0,173.3027511856436,300000,BubbleSortRandomCase - 4
778.0,9.761155608,25000,BubbleSortRandomCase - 0
94.0,0.9882207216000001,25000,BubbleSortRandomCase - 1
94.0,1.0647649968000001,25000,BubbleSortRandomCase - 2
93.0,1.0336208604000001,25000,BubbleSortRandomCase - 3
95.0,1.116175482,25000,BubbleSortRandomCase - 4
13679.0,174.98497407534643,100000,BubbleSortRandomCase - 0
1579.0,21.5610273192,100000,BubbleSortRandomCase - 1
1464.0,16.60067101990099,100000,BubbleSortRandomCase - 2
1458.0,16.431356365000003,100000,BubbleSortRandomCase - 3
1493.0,18.189817216999998,100000,BubbleSortRandomCase - 4
3273.0,43.67998220514851,50000,BubbleSortRandomCase - 0
381.0,4.715278564059407,50000,BubbleSortRandomCase - 1
391.0,4.4899197176,50000,BubbleSortRandomCase - 2
390.0,4.462534401683169,50000,BubbleSortRandomCase - 3
396.0,4.3602430299999995,50000,BubbleSortRandomCase - 4
216954.0,2858.9815331374343,400000,BubbleSortRandomCase - 0
23615.0,314.8735423624752,400000,BubbleSortRandomCase - 1
23498.0,309.2337613720002,400000,BubbleSortRandomCase - 2
24944.0,290.25339850379976,400000,BubbleSortRandomCase - 3
24520.0,280.0977272924,400000,BubbleSortRandomCase - 4
3164.0,36.361090352800005,50000,BubbleSortRandomCase - 0
370.0,3.7852463897,50000,BubbleSortRandomCase - 1
361.0,3.67434312,50000,BubbleSortRandomCase - 2
363.0,3.8281516498019803,50000,BubbleSortRandomCase - 3
357.0,3.9033456240000004,50000,BubbleSortRandomCase - 4
732.0,8.2279537296,25000,BubbleSortRandomCase - 0
90.0,0.84887154,25000,BubbleSortRandomCase - 1
89.0,0.7769189615841583,25000,BubbleSortRandomCase - 2
90.0,0.8434911419999999,25000,BubbleSortRandomCase - 3
90.0,0.742127097029703,25000,BubbleSortRandomCase - 4
119748.0,1386.2570609239997,300000,BubbleSortRandomCase - 0
13334.0,148.67917652799994,300000,BubbleSortRandomCase - 1
12968.0,152.5946251914,300000,BubbleSortRandomCase - 2
12940.0,152.44152757280003,300000,BubbleSortRandomCase - 3
12950.0,152.70206644679996,300000,BubbleSortRandomCase - 4
12695.0,155.660769625,100000,BubbleSortRandomCase - 0
1446.0,16.693548139900994,100000,BubbleSortRandomCase - 1
1447.0,16.42858725,100000,BubbleSortRandomCase - 2
1439.0,16.508016512500003,100000,BubbleSortRandomCase - 3
1440.0,16.732482336831684,100000,BubbleSortRandomCase - 4
3073.0,37.328934451600006,50000,BubbleSortRandomCase - 0
357.0,3.25275956,50000,BubbleSortRandomCase - 1
358.0,3.7685500637623766,50000,BubbleSortRandomCase - 2
357.0,3.962105754,50000,BubbleSortRandomCase - 3
355.0,4.164083128,50000,BubbleSortRandomCase - 4
711.0,8.289194222499999,25000,BubbleSortRandomCase - 0
87.0,0.5732792703,25000,BubbleSortRandomCase - 1
87.0,0.6780767337623762,25000,BubbleSortRandomCase - 2
87.0,0.7202988760396039,25000,BubbleSortRandomCase - 3
87.0,0.8279845679999999,25000,BubbleSortRandomCase - 4
7096.0,85.63219730260005,75000,BubbleSortRandomCase - 0
815.0,9.0829949808,75000,BubbleSortRandomCase - 1
814.0,9.085649168,75000,BubbleSortRandomCase - 2
814.0,8.937016869999999,75000,BubbleSortRandomCase - 3
810.0,8.9034323878,75000,BubbleSortRandomCase - 4
52031.0,636.2772403637625,200000,BubbleSortRandomCase - 0
5813.0,66.86993611455446,200000,BubbleSortRandomCase - 1
5799.0,66.42587581580001,200000,BubbleSortRandomCase - 2
5787.0,66.8940393722772,200000,BubbleSortRandomCase - 3
5792.0,66.600201452,200000,BubbleSortRandomCase - 4
3081.0,37.7472803776,50000,BubbleSortRandomCase - 0
357.0,3.991516306138614,50000,BubbleSortRandomCase - 1
356.0,3.7850552091000003,50000,BubbleSortRandomCase - 2
355.0,3.8183500717,50000,BubbleSortRandomCase - 3
356.0,3.709844867326733,50000,BubbleSortRandomCase - 4
7086.0,86.66521132560003,75000,BubbleSortRandomCase - 0
819.0,8.934179911980198,75000,BubbleSortRandomCase - 1
811.0,8.8946627146,75000,BubbleSortRandomCase - 2
811.0,8.664814464800001,75000,BubbleSortRandomCase - 3
811.0,9.1193913724,75000,BubbleSortRandomCase - 4
331354.0,3970.051946300393,500000,BubbleSortRandomCase - 0
37305.0,416.91346476960416,500000,BubbleSortRandomCase - 1
35092.0,452.05727737879965,500000,BubbleSortRandomCase - 2
36095.0,427.0536385273266,500000,BubbleSortRandomCase - 3
36142.0,424.62628706999993,500000,BubbleSortRandomCase - 4
4.0,1.09713686,50000,MergeSortBestCase - 0
4.0,1.29411322,50000,MergeSortBestCase - 1
4.0,0.46322781999999996,50000,MergeSortBestCase - 2
4.0,0.87206336,50000,MergeSortBestCase - 3
3.0,0.028793250000000003,50000,MergeSortBestCase - 4
16.0,0.40365,500000,MergeSortBestCase - 0
18.0,0.92596956,500000,MergeSortBestCase - 1
16.0,0.108844432,500000,MergeSortBestCase - 2
19.0,0.42703732,500000,MergeSortBestCase - 3
29.0,0.19404654,500000,MergeSortBestCase - 4
22.0,1.0506295799999998,700000,MergeSortBestCase - 0
24.0,0.16843653,700000,MergeSortBestCase - 1
22.0,0.59619861,700000,MergeSortBestCase - 2
26.0,0.34428329999999996,700000,MergeSortBestCase - 3
23.0,0.85099353,700000,MergeSortBestCase - 4
14.0,0.0858312924,300000,MergeSortBestCase - 0
11.0,0.19255068,300000,MergeSortBestCase - 1
8.0,0.48593951,300000,MergeSortBestCase - 2
8.0,0.91767492,300000,MergeSortBestCase - 3
11.0,0.060851252871287134,300000,MergeSortBestCase - 4
26.0,0.43035552,800000,MergeSortBestCase - 0
26.0,0.19022489199999998,800000,MergeSortBestCase - 1
26.0,0.40755939999999996,800000,MergeSortBestCase - 2
26.0,1.1251676700000002,800000,MergeSortBestCase - 3
25.0,0.287182,800000,MergeSortBestCase - 4
28.0,0.8245583999999999,900000,MergeSortBestCase - 0
29.0,0.15875267,900000,MergeSortBestCase - 1
30.0,0.7464575699999999,900000,MergeSortBestCase - 2
29.0,0.18824931366336634,900000,MergeSortBestCase - 3
29.0,0.42839211,900000,MergeSortBestCase - 4
14.0,0.9161205,400000,MergeSortBestCase - 0
14.0,1.2422381999999998,400000,MergeSortBestCase - 1
14.0,0.10002912000000001,400000,MergeSortBestCase - 2
14.0,0.30800105,400000,MergeSortBestCase - 3
13.0,0.6325164600000001,400000,MergeSortBestCase - 4
32.0,0.2481299936,1000000,MergeSortBestCase - 0
32.0,0.5322225599999999,1000000,MergeSortBestCase - 1
33.0,0.22350273,1000000,MergeSortBestCase - 2
31.0,0.5910506000000001,1000000,MergeSortBestCase - 3
33.0,0.19021123439999998,1000000,MergeSortBestCase - 4
9.0,0.3331887,200000,MergeSortBestCase - 0
9.0,0.49490343000000003,200000,MergeSortBestCase - 1
8.0,0.7779031,200000,MergeSortBestCase - 2
9.0,1.0542787,200000,MergeSortBestCase - 3
9.0,1.3673149100000002,200000,MergeSortBestCase - 4
4.0,0.024440840000000002,75000,MergeSortBestCase - 0
3.0,0.07455722999999999,75000,MergeSortBestCase - 1
4.0,0.16131119,75000,MergeSortBestCase - 2
4.0,0.37057524,75000,MergeSortBestCase - 3
5.0,0.70264415,75000,MergeSortBestCase - 4
6.0,1.3023616500000001,100000,MergeSortBestCase - 0
4.0,0.24307800000000002,100000,MergeSortBestCase - 1
6.0,0.55089578,100000,MergeSortBestCase - 2
6.0,0.8224256400000001,100000,MergeSortBestCase - 3
6.0,1.16643664,100000,MergeSortBestCase - 4
1.0,0.14084313,25000,MergeSortBestCase - 0
2.0,0.37218693,25000,MergeSortBestCase - 1
2.0,0.5947878499999999,25000,MergeSortBestCase - 2
2.0,0.89350569,25000,MergeSortBestCase - 3
2.0,1.1792389,25000,MergeSortBestCase - 4
19.0,0.20789024,600000,MergeSortBestCase - 0
19.0,0.75418776,600000,MergeSortBestCase - 1
19.0,0.10945115544554455,600000,MergeSortBestCase - 2
19.0,0.40225099999999997,600000,MergeSortBestCase - 3
19.0,0.94466442,600000,MergeSortBestCase - 4
78.0,1.176933654,900000,MergeSortWorstCase - 0
37.0,0.29735617999999997,900000,MergeSortWorstCase - 1
35.0,0.22483604999999998,900000,MergeSortWorstCase - 2
35.0,1.1428668999999998,900000,MergeSortWorstCase - 3
42.0,0.36764544,900000,MergeSortWorstCase - 4
51.0,0.6205945900000001,700000,MergeSortWorstCase - 0
29.0,1.26603168,700000,MergeSortWorstCase - 1
32.0,0.40205466,700000,MergeSortWorstCase - 2
32.0,1.0126388199999998,700000,MergeSortWorstCase - 3
37.0,0.36399992999999997,700000,MergeSortWorstCase - 4
29.0,0.212104492,400000,MergeSortWorstCase - 0
27.0,0.7553542499999999,400000,MergeSortWorstCase - 1
20.0,0.15990349306930693,400000,MergeSortWorstCase - 2
17.0,0.8221522500000001,400000,MergeSortWorstCase - 3
20.0,1.228574,400000,MergeSortWorstCase - 4
28.0,0.42945155,600000,MergeSortWorstCase - 0
40.0,0.27098812,600000,MergeSortWorstCase - 1
37.0,0.42706908000000005,600000,MergeSortWorstCase - 2
23.0,1.12915526,600000,MergeSortWorstCase - 3
22.0,0.13755885999999998,600000,MergeSortWorstCase - 4
45.0,0.82265382,1000000,MergeSortWorstCase - 0
39.0,0.3252394381188119,1000000,MergeSortWorstCase - 1
40.0,0.8240704,1000000,MergeSortWorstCase - 2
40.0,0.2506605782178218,1000000,MergeSortWorstCase - 3
40.0,0.7980832800000001,1000000,MergeSortWorstCase - 4
6.0,0.0374714976,75000,MergeSortWorstCase - 0
5.0,0.09432710000000001,75000,MergeSortWorstCase - 1
6.0,0.30657449999999997,75000,MergeSortWorstCase - 2
5.0,0.36831404999999995,75000,MergeSortWorstCase - 3
6.0,0.52680756,75000,MergeSortWorstCase - 4
3.0,0.6715926,25000,MergeSortWorstCase - 0
3.0,0.89217576,25000,MergeSortWorstCase - 1
1.0,1.14580638,25000,MergeSortWorstCase - 2
2.0,1.2864264,25000,MergeSortWorstCase - 3
1.0,0.0577989,25000,MergeSortWorstCase - 4
8.0,0.19404744,100000,MergeSortWorstCase - 0
7.0,0.29318268000000003,100000,MergeSortWorstCase - 1
7.0,0.43423379999999995,100000,MergeSortWorstCase - 2
7.0,0.614754,100000,MergeSortWorstCase - 3
7.0,0.82948005,100000,MergeSortWorstCase - 4
15.0,1.1710028,300000,MergeSortWorstCase - 0
14.0,0.08526070000000001,300000,MergeSortWorstCase - 1
14.0,0.19117809,300000,MergeSortWorstCase - 2
13.0,0.4018788,300000,MergeSortWorstCase - 3
13.0,0.67775589,300000,MergeSortWorstCase - 4
5.0,1.39627692,50000,MergeSortWorstCase - 0
4.0,1.34079744,50000,MergeSortWorstCase - 1
4.0,0.10446754999999999,50000,MergeSortWorstCase - 2
5.0,0.22653124,50000,MergeSortWorstCase - 3
4.0,0.31819095000000003,50000,MergeSortWorstCase - 4
12.0,0.53197213,200000,MergeSortWorstCase - 0
10.0,0.97865518,200000,MergeSortWorstCase - 1
9.0,1.16937831,200000,MergeSortWorstCase - 2
10.0,0.05880073960396041,200000,MergeSortWorstCase - 3
10.0,0.1213326,200000,MergeSortWorstCase - 4
22.0,0.3860909,500000,MergeSortWorstCase - 0
20.0,0.8312782599999999,500000,MergeSortWorstCase - 1
22.0,0.15935460419999997,500000,MergeSortWorstCase - 2
19.0,0.19813554,500000,MergeSortWorstCase - 3
20.0,0.5171034400000001,500000,MergeSortWorstCase - 4
41.0,0.36603914643564356,800000,MergeSortWorstCase - 0
34.0,0.6711434399999999,800000,MergeSortWorstCase - 1
34.0,1.7218123,800000,MergeSortWorstCase - 2
32.0,0.36629418,800000,MergeSortWorstCase - 3
33.0,0.9299488,800000,MergeSortWorstCase - 4
268.0,4.1779953891089106,1000000,MergeSortRandomCase - 0
69.0,0.82971189,1000000,MergeSortRandomCase - 1
43.0,0.27359056160000006,1000000,MergeSortRandomCase - 2
12.0,1.1855592099999999,100000,MergeSortRandomCase - 0
7.0,0.04224598,100000,MergeSortRandomCase - 1
7.0,0.43916095,100000,MergeSortRandomCase - 2
96.0,0.932827776,700000,MergeSortRandomCase - 0
30.0,0.2167180128712871,700000,MergeSortRandomCase - 1
49.0,0.84600204,700000,MergeSortRandomCase - 2
76.0,0.8464674273267327,600000,MergeSortRandomCase - 0
25.0,0.17648425247524754,600000,MergeSortRandomCase - 1
26.0,0.48945175999999996,600000,MergeSortRandomCase - 2
6.0,0.8478457899999999,25000,MergeSortRandomCase - 0
2.0,1.0333472000000001,25000,MergeSortRandomCase - 1
3.0,1.2657743000000001,25000,MergeSortRandomCase - 2
51.0,0.46806403999999996,400000,MergeSortRandomCase - 0
17.0,1.33075148,400000,MergeSortRandomCase - 1
18.0,0.11486487999999999,400000,MergeSortRandomCase - 2
63.0,0.6266991780000001,500000,MergeSortRandomCase - 0
21.0,0.30007992,500000,MergeSortRandomCase - 1
20.0,1.14155082,500000,MergeSortRandomCase - 2
141.0,1.0911454060396037,1000000,MergeSortRandomCase - 0
46.0,0.2819929858,1000000,MergeSortRandomCase - 1
48.0,0.41314872960000004,1000000,MergeSortRandomCase - 2
66.0,0.5718146808,500000,MergeSortRandomCase - 0
22.0,0.47067350999999996,500000,MergeSortRandomCase - 1
20.0,0.26224555,500000,MergeSortRandomCase - 2
140.0,1.2795605900000002,1000000,MergeSortRandomCase - 0
47.0,0.48957708000000005,1000000,MergeSortRandomCase - 1
47.0,0.2441971089108911,1000000,MergeSortRandomCase - 2
125.0,0.9881106625,900000,MergeSortRandomCase - 0
40.0,0.49941312,900000,MergeSortRandomCase - 1
40.0,0.251493232,900000,MergeSortRandomCase - 2
80.0,0.7463770851485149,600000,MergeSortRandomCase - 0
25.0,0.7990889400000001,600000,MergeSortRandomCase - 1
24.0,0.1530728064,600000,MergeSortRandomCase - 2
25.0,0.7208047000000001,200000,MergeSortRandomCase - 0
10.0,1.13230932,200000,MergeSortRandomCase - 1
11.0,0.07616374999999999,200000,MergeSortRandomCase - 2
51.0,0.86456461,400000,MergeSortRandomCase - 0
16.0,0.12754539,400000,MergeSortRandomCase - 1
17.0,0.66833712,400000,MergeSortRandomCase - 2
11.0,1.1756862000000001,75000,MergeSortRandomCase - 0
2.0,0.036730860000000004,75000,MergeSortRandomCase - 1
6.0,0.16903205999999998,75000,MergeSortRandomCase - 2
50.0,0.472945,400000,MergeSortRandomCase - 0
18.0,0.2221088,400000,MergeSortRandomCase - 1
17.0,0.5811749999999999,400000,MergeSortRandomCase - 2
136.0,1.1134103345544553,1000000,MergeSortRandomCase - 0
43.0,0.61102125,1000000,MergeSortRandomCase - 1
45.0,0.26669228613861384,1000000,MergeSortRandomCase - 2
119.0,1.0840480644,900000,MergeSortRandomCase - 0
39.0,0.2235363624,900000,MergeSortRandomCase - 1
39.0,1.1627904,900000,MergeSortRandomCase - 2
106.0,0.751624164,800000,MergeSortRandomCase - 0
38.0,1.22798373,800000,MergeSortRandomCase - 1
35.0,0.1963812678217822,800000,MergeSortRandomCase - 2
79.0,0.7421409161386139,600000,MergeSortRandomCase - 0
26.0,0.9538641,600000,MergeSortRandomCase - 1
26.0,0.14956757999999998,600000,MergeSortRandomCase - 2
9.0,0.5200081599999999,50000,MergeSortRandomCase - 0
4.0,0.83975622,50000,MergeSortRandomCase - 1
5.0,1.23299073,50000,MergeSortRandomCase - 2
133.0,1.071409905049505,1000000,MergeSortRandomCase - 0
43.0,0.79687824,1000000,MergeSortRandomCase - 1
45.0,0.84025431,1000000,MergeSortRandomCase - 2
5.0,1.01768886,25000,MergeSortRandomCase - 0
2.0,0.013637791199999999,25000,MergeSortRandomCase - 1
2.0,0.2234028,25000,MergeSortRandomCase - 2
34.0,0.62089712,300000,MergeSortRandomCase - 0
12.0,1.1438930999999999,300000,MergeSortRandomCase - 1
14.0,0.31979728999999996,300000,MergeSortRandomCase - 2
118.0,1.104668063960396,900000,MergeSortRandomCase - 0
38.0,0.37270593999999996,900000,MergeSortRandomCase - 1
38.0,1.11871846,900000,MergeSortRandomCase - 2
9.0,0.1348874,50000,MergeSortRandomCase - 0
4.0,0.3467861,50000,MergeSortRandomCase - 1
4.0,0.5436793799999999,50000,MergeSortRandomCase - 2
11.0,0.7933079000000001,75000,MergeSortRandomCase - 0
5.0,1.15762944,75000,MergeSortRandomCase - 1
6.0,0.061840700000000005,75000,MergeSortRandomCase - 2
95.0,0.7779364514851486,700000,MergeSortRandomCase - 0
29.0,0.6549216899999999,700000,MergeSortRandomCase - 1
30.0,0.1760199445544554,700000,MergeSortRandomCase - 2
6.0,0.42436416000000005,25000,MergeSortRandomCase - 0
2.0,1.05733346,25000,MergeSortRandomCase - 1
2.0,1.2082184999999999,25000,MergeSortRandomCase - 2
51.0,0.3406612,400000,MergeSortRandomCase - 0
18.0,0.1283353716831683,400000,MergeSortRandomCase - 1
19.0,0.40535040000000006,400000,MergeSortRandomCase - 2
105.0,0.9498990900000001,800000,MergeSortRandomCase - 0
37.0,0.6341114094,800000,MergeSortRandomCase - 1
36.0,1.36232033,800000,MergeSortRandomCase - 2
50.0,0.6274947000000001,400000,MergeSortRandomCase - 0
19.0,0.10220983970297029,400000,MergeSortRandomCase - 1
25.0,0.5962517700000001,400000,MergeSortRandomCase - 2
106.0,0.679814464,800000,MergeSortRandomCase - 0
36.0,0.2381832,800000,MergeSortRandomCase - 1
34.0,0.8455225,800000,MergeSortRandomCase - 2
75.0,0.48456937499999997,600000,MergeSortRandomCase - 0
25.0,0.211211625,600000,MergeSortRandomCase - 1
25.0,0.21652191,600000,MergeSortRandomCase - 2
6.0,0.47545965,25000,MergeSortRandomCase - 0
2.0,0.83520448,25000,MergeSortRandomCase - 1
3.0,0.9492229799999999,25000,MergeSortRandomCase - 2
8.0,0.052833651200000005,50000,MergeSortRandomCase - 0
4.0,0.33251872,50000,MergeSortRandomCase - 1
4.0,0.37036077,50000,MergeSortRandomCase - 2
9.0,0.55273965,50000,MergeSortRandomCase - 0
5.0,1.2959694,50000,MergeSortRandomCase - 1
4.0,1.29248361,50000,MergeSortRandomCase - 2
62.0,0.4430104,500000,MergeSortRandomCase - 0
21.0,0.20971147,500000,MergeSortRandomCase - 1
20.0,0.5687229,500000,MergeSortRandomCase - 2
67.0,0.4958,500000,MergeSortRandomCase - 0
21.0,0.57820914,500000,MergeSortRandomCase - 1
22.0,1.21954,500000,MergeSortRandomCase - 2
51.0,0.47719572,400000,MergeSortRandomCase - 0
21.0,0.1295365785,400000,MergeSortRandomCase - 1
18.0,0.3917988,400000,MergeSortRandomCase - 2
105.0,0.9831110099999999,800000,MergeSortRandomCase - 0
34.0,0.22213033168316831,800000,MergeSortRandomCase - 1
35.0,0.59831908,800000,MergeSortRandomCase - 2
76.0,0.58349083,600000,MergeSortRandomCase - 0
26.0,0.1404899314,600000,MergeSortRandomCase - 1
28.0,0.77984016,600000,MergeSortRandomCase - 2
8.0,0.09336703439999999,75000,MergeSortRandomCase - 0
4.0,0.11222199999999999,75000,MergeSortRandomCase - 1
6.0,0.19069296000000002,75000,MergeSortRandomCase - 2
103.0,0.831073319,800000,MergeSortRandomCase - 0
34.0,0.21664979999999998,800000,MergeSortRandomCase - 1
34.0,1.0611765,800000,MergeSortRandomCase - 2
88.0,0.5350681599999999,700000,MergeSortRandomCase - 0
28.0,0.18297142257425744,700000,MergeSortRandomCase - 1
30.0,0.62265738,700000,MergeSortRandomCase - 2
25.0,0.16604651,200000,MergeSortRandomCase - 0
10.0,0.24376896,200000,MergeSortRandomCase - 1
11.0,0.6717787199999999,200000,MergeSortRandomCase - 2
14.0,0.9639996599999999,100000,MergeSortRandomCase - 0
7.0,1.19468438,100000,MergeSortRandomCase - 1
7.0,0.04333834680000001,100000,MergeSortRandomCase - 2
8.0,0.09125956,50000,MergeSortRandomCase - 0
5.0,0.23367851999999997,50000,MergeSortRandomCase - 1
3.0,0.32968355000000005,50000,MergeSortRandomCase - 2
121.0,1.1491391085148512,900000,MergeSortRandomCase - 0
37.0,0.30590272396039603,900000,MergeSortRandomCase - 1
39.0,0.58003815,900000,MergeSortRandomCase - 2
36.0,0.23127304319999997,300000,MergeSortRandomCase - 0
13.0,0.43410227,300000,MergeSortRandomCase - 1
16.0,1.2375513,300000,MergeSortRandomCase - 2
90.0,0.5090507999999999,700000,MergeSortRandomCase - 0
32.0,0.20792663999999997,700000,MergeSortRandomCase - 1
28.0,0.89707056,700000,MergeSortRandomCase - 2
50.0,0.3271163465346535,400000,MergeSortRandomCase - 0
20.0,0.8564811800000001,400000,MergeSortRandomCase - 1
18.0,1.5053035,400000,MergeSortRandomCase - 2
108.0,0.7575292372277228,800000,MergeSortRandomCase - 0
36.0,0.8728543999999999,800000,MergeSortRandomCase - 1
35.0,0.28026328,800000,MergeSortRandomCase - 2
79.0,0.5566822216,600000,MergeSortRandomCase - 0
26.0,0.168267905,600000,MergeSortRandomCase - 1
29.0,0.4747914,600000,MergeSortRandomCase - 2
26.0,0.1552680613861386,200000,MergeSortRandomCase - 0
11.0,0.38245274,200000,MergeSortRandomCase - 1
10.0,0.7667999999999999,200000,MergeSortRandomCase - 2
37.0,0.23223565801980195,300000,MergeSortRandomCase - 0
14.0,0.7411122,300000,MergeSortRandomCase - 1
14.0,0.08653630720000001,300000,MergeSortRandomCase - 2
6.0,0.20482140000000001,25000,MergeSortRandomCase - 0
2.0,0.55494732,25000,MergeSortRandomCase - 1
2.0,0.6743028,25000,MergeSortRandomCase - 2
6.0,0.95850293,25000,MergeSortRandomCase - 0
1.0,1.09813872,25000,MergeSortRandomCase - 1
2.0,1.362636,25000,MergeSortRandomCase - 2
11.0,0.11953812,75000,MergeSortRandomCase - 0
6.0,0.27939391999999996,75000,MergeSortRandomCase - 1
6.0,0.48389754,75000,MergeSortRandomCase - 2
6.0,0.6642357600000001,25000,MergeSortRandomCase - 0
2.0,1.0086302,25000,MergeSortRandomCase - 1
2.0,1.1261018999999999,25000,MergeSortRandomCase - 2
14.0,0.078337294,100000,MergeSortRandomCase - 0
7.0,0.20403197999999997,100000,MergeSortRandomCase - 1
7.0,0.44645376,100000,MergeSortRandomCase - 2
15.0,0.99840279,100000,MergeSortRandomCase - 0
6.0,1.3100231100000002,100000,MergeSortRandomCase - 1
7.0,0.040808505742574254,100000,MergeSortRandomCase - 2
61.0,0.49962505999999995,500000,MergeSortRandomCase - 0
21.0,0.163544719009901,500000,MergeSortRandomCase - 1
23.0,0.43309967999999993,500000,MergeSortRandomCase - 2
40.0,0.37704651600000005,300000,MergeSortRandomCase - 0
17.0,0.496654,300000,MergeSortRandomCase - 1
15.0,1.4187580000000002,300000,MergeSortRandomCase - 2
104.0,0.7235699706930693,800000,MergeSortRandomCase - 0
33.0,0.69355183,800000,MergeSortRandomCase - 1
34.0,0.26731817620000003,800000,MergeSortRandomCase - 2
73.0,0.671289823,600000,MergeSortRandomCase - 0
25.0,0.41142722,600000,MergeSortRandomCase - 1
25.0,0.93815481,600000,MergeSortRandomCase - 2
125.0,0.8815645668316832,900000,MergeSortRandomCase - 0
40.0,0.8042393999999999,900000,MergeSortRandomCase - 1
39.0,0.224617263,900000,MergeSortRandomCase - 2
63.0,0.6137523,500000,MergeSortRandomCase - 0
23.0,0.41186652,500000,MergeSortRandomCase - 1
22.0,0.99572825,500000,MergeSortRandomCase - 2
133.0,1.002652857029703,1000000,MergeSortRandomCase - 0
44.0,0.42044287999999996,1000000,MergeSortRandomCase - 1
42.0,0.46970039999999996,1000000,MergeSortRandomCase - 2
63.0,0.4678030161,500000,MergeSortRandomCase - 0
22.0,1.04017338,500000,MergeSortRandomCase - 1
26.0,0.272094,500000,MergeSortRandomCase - 2
9.0,0.97683201,50000,MergeSortRandomCase - 0
1.0,1.14119368,50000,MergeSortRandomCase - 1
5.0,0.04630360000000001,50000,MergeSortRandomCase - 2
11.0,0.40448895999999995,75000,MergeSortRandomCase - 0
2.0,0.6652585799999999,75000,MergeSortRandomCase - 1
6.0,0.99043534,75000,MergeSortRandomCase - 2
55.0,0.41503744000000004,400000,MergeSortRandomCase - 0
19.0,0.124526,400000,MergeSortRandomCase - 1
18.0,0.2892084,400000,MergeSortRandomCase - 2
108.0,0.8736454368,800000,MergeSortRandomCase - 0
35.0,0.19373902999999998,800000,MergeSortRandomCase - 1
36.0,0.2642740559999999,800000,MergeSortRandomCase - 2
24.0,0.44253918,200000,MergeSortRandomCase - 0
10.0,1.2998625,200000,MergeSortRandomCase - 1
10.0,0.10397727000000001,200000,MergeSortRandomCase - 2
13.0,0.31689801,100000,MergeSortRandomCase - 0
4.0,0.73132844,100000,MergeSortRandomCase - 1
9.0,0.05602487219999999,100000,MergeSortRandomCase - 2
25.0,0.27902181000000004,200000,MergeSortRandomCase - 0
11.0,0.7504728399999999,200000,MergeSortRandomCase - 1
11.0,0.062342617623762364,200000,MergeSortRandomCase - 2
94.0,0.83635372,700000,MergeSortRandomCase - 0
32.0,0.6429818099999999,700000,MergeSortRandomCase - 1
30.0,0.167540376,700000,MergeSortRandomCase - 2
14.0,0.52750014,100000,MergeSortRandomCase - 0
6.0,0.8636205699999999,100000,MergeSortRandomCase - 1
6.0,1.2340113000000001,100000,MergeSortRandomCase - 2
25.0,0.14759861999999999,200000,MergeSortRandomCase - 0
11.0,0.42782972,200000,MergeSortRandomCase - 1
10.0,0.8849239199999999,200000,MergeSortRandomCase - 2
104.0,0.7251222368,800000,MergeSortRandomCase - 0
37.0,0.21530523099009902,800000,MergeSortRandomCase - 1
38.0,0.9879954400000001,800000,MergeSortRandomCase - 2
37.0,0.38332448,300000,MergeSortRandomCase - 0
14.0,1.05085162,300000,MergeSortRandomCase - 1
13.0,0.22851509999999997,300000,MergeSortRandomCase - 2
7.0,0.43754783999999997,50000,MergeSortRandomCase - 0
4.0,0.9231686800000001,50000,MergeSortRandomCase - 1
1.0,1.44956948,50000,MergeSortRandomCase - 2
133.0,1.0592577730693071,1000000,MergeSortRandomCase - 0
47.0,0.3693123606,1000000,MergeSortRandomCase - 1
43.0,0.7578874600000001,1000000,MergeSortRandomCase - 2
140.0,1.007301704950495,1000000,MergeSortRandomCase - 0
43.0,0.37311004969999995,1000000,MergeSortRandomCase - 1
42.0,0.49908300000000005,1000000,MergeSortRandomCase - 2
65.0,0.5251910415841585,500000,MergeSortRandomCase - 0
22.0,0.8558033399999999,500000,MergeSortRandomCase - 1
21.0,0.152882814,500000,MergeSortRandomCase - 2
11.0,0.19735785,75000,MergeSortRandomCase - 0
6.0,0.363622,75000,MergeSortRandomCase - 1
6.0,0.56712366,75000,MergeSortRandomCase - 2
14.0,1.25331046,100000,MergeSortRandomCase - 0
8.0,0.0626341,100000,MergeSortRandomCase - 1
8.0,0.5716719,100000,MergeSortRandomCase - 2
36.0,1.0688570800000001,300000,MergeSortRandomCase - 0
14.0,0.13591515,300000,MergeSortRandomCase - 1
17.0,0.547694,300000,MergeSortRandomCase - 2
25.0,1.14355606,200000,MergeSortRandomCase - 0
11.0,0.09965792000000001,200000,MergeSortRandomCase - 1
10.0,0.48396933999999997,200000,MergeSortRandomCase - 2
9.0,0.7063738500000001,50000,MergeSortRandomCase - 0
5.0,1.11539142,50000,MergeSortRandomCase - 1
5.0,0.03504996,50000,MergeSortRandomCase - 2
62.0,0.55028408,500000,MergeSortRandomCase - 0
21.0,0.1563839,500000,MergeSortRandomCase - 1
21.0,0.5592756,500000,MergeSortRandomCase - 2
8.0,0.98842302,50000,MergeSortRandomCase - 0
5.0,0.04294592673267327,50000,MergeSortRandomCase - 1
4.0,0.07491319,50000,MergeSortRandomCase - 2
14.0,0.22966133,100000,MergeSortRandomCase - 0
7.0,0.41322827999999995,100000,MergeSortRandomCase - 1
7.0,0.6773241299999999,100000,MergeSortRandomCase - 2
129.0,1.084316595,1000000,MergeSortRandomCase - 0
44.0,0.33011686,1000000,MergeSortRandomCase - 1
43.0,0.409559907,1000000,MergeSortRandomCase - 2
5.0,0.11930260000000001,25000,MergeSortRandomCase - 0
2.0,0.21621652,25000,MergeSortRandomCase - 1
2.0,0.31094632,25000,MergeSortRandomCase - 2
37.0,0.94116566,300000,MergeSortRandomCase - 0
14.0,0.08851122970297029,300000,MergeSortRandomCase - 1
15.0,0.22925979999999999,300000,MergeSortRandomCase - 2
88.0,0.8607254303999999,700000,MergeSortRandomCase - 0
32.0,0.5484396,700000,MergeSortRandomCase - 1
31.0,0.26206901520000003,700000,MergeSortRandomCase - 2
113.0,0.8745606750000001,900000,MergeSortRandomCase - 0
39.0,0.6381287999999999,900000,MergeSortRandomCase - 1
36.0,0.2885940106930693,900000,MergeSortRandomCase - 2
87.0,0.7940999682178217,700000,MergeSortRandomCase - 0
30.0,0.74798164,700000,MergeSortRandomCase - 1
29.0,0.22021412435643564,700000,MergeSortRandomCase - 2
9.0,0.44679453,50000,MergeSortRandomCase - 0
5.0,0.524779,50000,MergeSortRandomCase - 1
4.0,0.67901296,50000,MergeSortRandomCase - 2
14.0,1.4386554,100000,MergeSortRandomCase - 0
5.0,0.03104945297029703,100000,MergeSortRandomCase - 1
6.0,0.10347632,100000,MergeSortRandomCase - 2
11.0,0.38472588,75000,MergeSortRandomCase - 0
6.0,0.82885104,75000,MergeSortRandomCase - 1
9.0,1.12682863,75000,MergeSortRandomCase - 2
119.0,0.9327685052,900000,MergeSortRandomCase - 0
44.0,0.44582613679999994,900000,MergeSortRandomCase - 1
42.0,0.48863168,900000,MergeSortRandomCase - 2
37.0,0.2577631196,300000,MergeSortRandomCase - 0
14.0,0.3502212,300000,MergeSortRandomCase - 1
14.0,0.9971648000000001,300000,MergeSortRandomCase - 2
51.0,0.28820253,400000,MergeSortRandomCase - 0
19.0,0.167928802,400000,MergeSortRandomCase - 1
18.0,0.32520211999999993,400000,MergeSortRandomCase - 2
11.0,0.7583356799999998,75000,MergeSortRandomCase - 0
6.0,0.07983437,75000,MergeSortRandomCase - 1
5.0,0.25017828,75000,MergeSortRandomCase - 2
77.0,0.6956717151999999,600000,MergeSortRandomCase - 0
26.0,1.0069338,600000,MergeSortRandomCase - 1
25.0,0.21577828000000002,600000,MergeSortRandomCase - 2
24.0,0.7609555199999999,200000,MergeSortRandomCase - 0
10.0,0.2183832,200000,MergeSortRandomCase - 1
10.0,0.42043824,200000,MergeSortRandomCase - 2
37.0,0.3113680425,300000,MergeSortRandomCase - 0
14.0,0.3298576,300000,MergeSortRandomCase - 1
14.0,0.83848368,300000,MergeSortRandomCase - 2
63.0,0.596163708,500000,MergeSortRandomCase - 0
21.0,0.15927359280000003,500000,MergeSortRandomCase - 1
22.0,0.24134458000000003,500000,MergeSortRandomCase - 2
74.0,0.7471435570297029,600000,MergeSortRandomCase - 0
28.0,0.4622486,600000,MergeSortRandomCase - 1
25.0,1.0499607,600000,MergeSortRandomCase - 2
38.0,0.2307856,300000,MergeSortRandomCase - 0
15.0,0.69506604,300000,MergeSortRandomCase - 1
15.0,1.15128892,300000,MergeSortRandomCase - 2
77.0,0.61995362,600000,MergeSortRandomCase - 0
25.0,0.13806566584158417,600000,MergeSortRandomCase - 1
22.0,0.4706532,600000,MergeSortRandomCase - 2
25.0,1.4287243600000001,200000,MergeSortRandomCase - 0
11.0,0.1209065,200000,MergeSortRandomCase - 1
17.0,0.0580555746,200000,MergeSortRandomCase - 2
49.0,0.5704452799999999,400000,MergeSortRandomCase - 0
19.0,0.118073467,400000,MergeSortRandomCase - 1
21.0,0.44671776,400000,MergeSortRandomCase - 2
87.0,0.8509291301999999,700000,MergeSortRandomCase - 0
30.0,0.9732932,700000,MergeSortRandomCase - 1
30.0,0.38418744000000005,700000,MergeSortRandomCase - 2
118.0,1.069537486,900000,MergeSortRandomCase - 0
39.0,0.23120759999999999,900000,MergeSortRandomCase - 1
54.0,0.7377026400000001,900000,MergeSortRandomCase - 2
100.0,0.793827792079208,800000,MergeSortRandomCase - 0
34.0,0.43903664000000003,800000,MergeSortRandomCase - 1
34.0,0.269333480990099,800000,MergeSortRandomCase - 2
11.0,0.23442929999999998,75000,MergeSortRandomCase - 0
5.0,0.38922899,75000,MergeSortRandomCase - 1
6.0,1.0468787000000002,75000,MergeSortRandomCase - 2
6.0,1.1639747,25000,MergeSortRandomCase - 0
2.0,1.2761294,25000,MergeSortRandomCase - 1
1.0,0.036212049999999996,25000,MergeSortRandomCase - 2
24.0,0.2974112,200000,MergeSortRandomCase - 0
11.0,0.7423027200000001,200000,MergeSortRandomCase - 1
10.0,1.02264789,200000,MergeSortRandomCase - 2
6.0,1.23292768,25000,MergeSortRandomCase - 0
2.0,1.404851,25000,MergeSortRandomCase - 1
2.0,0.029626350000000003,25000,MergeSortRandomCase - 2
87.0,1.0351953415841582,700000,MergeSortRandomCase - 0
29.0,0.92513448,700000,MergeSortRandomCase - 1
29.0,0.20399387306930694,700000,MergeSortRandomCase - 2
9.0,0.28000764,75000,MergeSortRandomCase - 0
7.0,0.44694989999999996,75000,MergeSortRandomCase - 1
5.0,0.59223852,75000,MergeSortRandomCase - 2
132.0,1.2533831287128712,1000000,MergeSortRandomCase - 0
43.0,0.33843044,1000000,MergeSortRandomCase - 1
48.0,0.4081941481188119,1000000,MergeSortRandomCase - 2
118.0,1.043221598,900000,MergeSortRandomCase - 0
39.0,0.35164855050000005,900000,MergeSortRandomCase - 1
39.0,0.7690287199999999,900000,MergeSortRandomCase - 2
118.0,0.7970577175247525,900000,MergeSortRandomCase - 0
41.0,0.53656128,900000,MergeSortRandomCase - 1
39.0,0.264729738,900000,MergeSortRandomCase - 2
95.0,0.85076262,700000,MergeSortRandomCase - 0
30.0,0.8939620799999999,700000,MergeSortRandomCase - 1
30.0,0.23209526,700000,MergeSortRandomCase - 2
13.0,0.9905687999999999,100000,MergeSortRandomCase - 0
7.0,1.13222956,100000,MergeSortRandomCase - 1
8.0,1.3310050999999998,100000,MergeSortRandomCase - 2
2.0,1.8929235599999998,25000,CountingSortBestCase - 0
2.0,0.42577080000000006,25000,CountingSortBestCase - 1
0.0,1.7673876,25000,CountingSortBestCase - 2
1.0,0.9877123800000001,25000,CountingSortBestCase - 3
0.0,0.9886023,25000,CountingSortBestCase - 4
4.0,0.36029099,400000,CountingSortBestCase - 0
3.0,0.74183904,400000,CountingSortBestCase - 1
2.0,1.2219360499999998,400000,CountingSortBestCase - 2
2.0,1.54456741,400000,CountingSortBestCase - 3
2.0,0.0796507,400000,CountingSortBestCase - 4
0.0,0.21262779999999998,50000,CountingSortBestCase - 0
0.0,0.4046224,50000,CountingSortBestCase - 1
0.0,0.9143142000000001,50000,CountingSortBestCase - 2
1.0,1.26194662,50000,CountingSortBestCase - 3
1.0,1.66166727,50000,CountingSortBestCase - 4
4.0,0.70830136,900000,CountingSortBestCase - 0
4.0,1.0671719400000002,900000,CountingSortBestCase - 1
3.0,1.4647365199999998,900000,CountingSortBestCase - 2
4.0,0.5931078999999999,900000,CountingSortBestCase - 3
4.0,0.90259992,900000,CountingSortBestCase - 4
1.0,1.2261146399999998,75000,CountingSortBestCase - 0
0.0,1.4797148500000001,75000,CountingSortBestCase - 1
0.0,0.2357905,75000,CountingSortBestCase - 2
0.0,0.42631235999999995,75000,CountingSortBestCase - 3
0.0,0.71510007,75000,CountingSortBestCase - 4
2.0,1.0804868900000002,300000,CountingSortBestCase - 0
2.0,0.04038995,300000,CountingSortBestCase - 1
1.0,0.16538777999999998,300000,CountingSortBestCase - 2
2.0,0.36770415,300000,CountingSortBestCase - 3
1.0,0.5983993,300000,CountingSortBestCase - 4
2.0,1.33080675,700000,CountingSortBestCase - 0
4.0,1.57916896,700000,CountingSortBestCase - 1
5.0,0.05946768,700000,CountingSortBestCase - 2
4.0,0.24747865999999996,700000,CountingSortBestCase - 3
4.0,0.72515456,700000,CountingSortBestCase - 4
1.0,1.0617822600000002,200000,CountingSortBestCase - 0
1.0,1.3809939800000002,200000,CountingSortBestCase - 1
1.0,1.65996614,200000,CountingSortBestCase - 2
1.0,0.23471637999999997,200000,CountingSortBestCase - 3
1.0,0.4711904,200000,CountingSortBestCase - 4
1.0,0.8665241499999999,100000,CountingSortBestCase - 0
1.0,1.27953825,100000,CountingSortBestCase - 1
1.0,1.54811839,100000,CountingSortBestCase - 2
1.0,0.10608372,100000,CountingSortBestCase - 3
1.0,0.31800692,100000,CountingSortBestCase - 4
4.0,0.59441182,800000,CountingSortBestCase - 0
4.0,0.9544505600000001,800000,CountingSortBestCase - 1
4.0,1.4603689499999999,800000,CountingSortBestCase - 2
3.0,0.02727776,800000,CountingSortBestCase - 3
4.0,0.19938798,800000,CountingSortBestCase - 4
5.0,0.49333998000000007,1000000,CountingSortBestCase - 0
5.0,0.92950137,1000000,CountingSortBestCase - 1
5.0,1.38056562,1000000,CountingSortBestCase - 2
4.0,1.65272884,1000000,CountingSortBestCase - 3
5.0,0.13539565,1000000,CountingSortBestCase - 4
3.0,0.42395004,500000,CountingSortBestCase - 0
1.0,0.7256749399999999,500000,CountingSortBestCase - 1
3.0,1.07610054,500000,CountingSortBestCase - 2
3.0,1.53978176,500000,CountingSortBestCase - 3
2.0,0.06951033,500000,CountingSortBestCase - 4
3.0,0.27277039999999997,600000,CountingSortBestCase - 0
3.0,0.54299745,600000,CountingSortBestCase - 1
3.0,0.92223369,600000,CountingSortBestCase - 2
3.0,1.45061,600000,CountingSortBestCase - 3
4.0,0.030915440000000006,600000,CountingSortBestCase - 4
458.0,8.484792480392157,1000000,CountingSortWorstCase - 0
198.0,2.009805157029703,1000000,CountingSortWorstCase - 1
197.0,2.179787587227723,1000000,CountingSortWorstCase - 2
81.0,0.9024627029702971,1000000,CountingSortWorstCase - 3
76.0,0.8183831021782176,1000000,CountingSortWorstCase - 4
185.0,2.208090892,400000,CountingSortWorstCase - 0
64.0,0.6736452864000001,400000,CountingSortWorstCase - 1
60.0,1.02479118,400000,CountingSortWorstCase - 2
61.0,0.5770886399999999,400000,CountingSortWorstCase - 3
64.0,0.44554230399999994,400000,CountingSortWorstCase - 4
53.0,0.4345354407,25000,CountingSortWorstCase - 0
53.0,0.6037708364356436,25000,CountingSortWorstCase - 1
51.0,0.76642643,25000,CountingSortWorstCase - 2
53.0,0.38058288801980195,25000,CountingSortWorstCase - 3
50.0,0.5006650099009902,25000,CountingSortWorstCase - 4
72.0,0.8005052530693069,800000,CountingSortWorstCase - 0
73.0,1.01060289,800000,CountingSortWorstCase - 1
71.0,0.7596552899999999,800000,CountingSortWorstCase - 2
74.0,0.59216109,800000,CountingSortWorstCase - 3
75.0,0.5210533199999999,800000,CountingSortWorstCase - 4
53.0,0.44124070919999997,75000,CountingSortWorstCase - 0
54.0,0.5433130512,75000,CountingSortWorstCase - 1
54.0,1.09673018,75000,CountingSortWorstCase - 2
53.0,0.62644665,75000,CountingSortWorstCase - 3
53.0,0.4067131172,75000,CountingSortWorstCase - 4
54.0,0.5815606031999999,100000,CountingSortWorstCase - 0
54.0,0.82176363,100000,CountingSortWorstCase - 1
53.0,0.35349058079999995,100000,CountingSortWorstCase - 2
53.0,0.4960535159,100000,CountingSortWorstCase - 3
56.0,1.1048708999999999,100000,CountingSortWorstCase - 4
65.0,0.6393933700000001,600000,CountingSortWorstCase - 0
66.0,0.46012359386138624,600000,CountingSortWorstCase - 1
70.0,0.5795573970297031,600000,CountingSortWorstCase - 2
64.0,0.6395800776237623,600000,CountingSortWorstCase - 3
68.0,0.7295554352000001,600000,CountingSortWorstCase - 4
53.0,1.01591453,50000,CountingSortWorstCase - 0
53.0,0.52925418,50000,CountingSortWorstCase - 1
52.0,0.40471469742574256,50000,CountingSortWorstCase - 2
53.0,0.5723537010891089,50000,CountingSortWorstCase - 3
55.0,1.0779054000000001,50000,CountingSortWorstCase - 4
57.0,0.46677119999999994,300000,CountingSortWorstCase - 0
59.0,0.6091944232673266,300000,CountingSortWorstCase - 1
62.0,0.6159820194059407,300000,CountingSortWorstCase - 2
62.0,0.6992437837623763,300000,CountingSortWorstCase - 3
62.0,1.29236283,300000,CountingSortWorstCase - 4
57.0,0.73738203,200000,CountingSortWorstCase - 0
67.0,1.01969578,200000,CountingSortWorstCase - 1
57.0,0.7787021028000001,200000,CountingSortWorstCase - 2
57.0,1.16089096,200000,CountingSortWorstCase - 3
59.0,0.68628906,200000,CountingSortWorstCase - 4
68.0,0.5954076260000001,700000,CountingSortWorstCase - 0
71.0,0.5977882771999999,700000,CountingSortWorstCase - 1
75.0,0.7418671575,700000,CountingSortWorstCase - 2
72.0,0.7805176847999998,700000,CountingSortWorstCase - 3
72.0,0.7578826848,700000,CountingSortWorstCase - 4
67.0,0.6930008320000001,500000,CountingSortWorstCase - 0
73.0,0.7482046012999999,500000,CountingSortWorstCase - 1
69.0,0.6487348260000001,500000,CountingSortWorstCase - 2
68.0,0.6765036304000001,500000,CountingSortWorstCase - 3
71.0,0.6058649389999999,500000,CountingSortWorstCase - 4
81.0,0.7010102636999999,900000,CountingSortWorstCase - 0
97.0,1.1056250446534654,900000,CountingSortWorstCase - 1
114.0,2.042659788118812,900000,CountingSortWorstCase - 2
75.0,0.9671189699999999,900000,CountingSortWorstCase - 3
78.0,0.7862891000000001,900000,CountingSortWorstCase - 4
41.0,1.797313,900000,QuickSortBestCase - 0
34.0,1.17872898,900000,QuickSortBestCase - 1
34.0,0.50891472,900000,QuickSortBestCase - 2
36.0,0.3359793314851485,900000,QuickSortBestCase - 3
37.0,0.4119206226732673,900000,QuickSortBestCase - 4
31.0,0.8526854400000001,800000,QuickSortBestCase - 0
33.0,0.4091556,800000,QuickSortBestCase - 1
30.0,0.30749196,800000,QuickSortBestCase - 2
31.0,1.16892072,800000,QuickSortBestCase - 3
30.0,0.6529941600000001,800000,QuickSortBestCase - 4
38.0,0.3754303118811881,1000000,QuickSortBestCase - 0
38.0,1.0646952,1000000,QuickSortBestCase - 1
38.0,0.72390464,1000000,QuickSortBestCase - 2
38.0,0.31372632799999994,1000000,QuickSortBestCase - 3
38.0,0.442632208,1000000,QuickSortBestCase - 4
5.0,0.32562969,75000,QuickSortBestCase - 0
5.0,0.80889424,75000,QuickSortBestCase - 1
3.0,1.3772409700000001,75000,QuickSortBestCase - 2
6.0,0.11851960999999998,75000,QuickSortBestCase - 3
2.0,0.39475425,75000,QuickSortBestCase - 4
2.0,0.8430055200000001,25000,QuickSortBestCase - 0
2.0,1.4115688,25000,QuickSortBestCase - 1
3.0,0.0422576,25000,QuickSortBestCase - 2
2.0,0.48300192,25000,QuickSortBestCase - 3
2.0,1.00260666,25000,QuickSortBestCase - 4
16.0,0.1314910976,400000,QuickSortBestCase - 0
14.0,0.94274375,400000,QuickSortBestCase - 1
14.0,0.14696744237623763,400000,QuickSortBestCase - 2
14.0,0.82385563,400000,QuickSortBestCase - 3
18.0,0.139300092,400000,QuickSortBestCase - 4
10.0,0.6257179999999999,200000,QuickSortBestCase - 0
10.0,1.3898794,200000,QuickSortBestCase - 1
10.0,0.3082023,200000,QuickSortBestCase - 2
11.0,0.9602454000000001,200000,QuickSortBestCase - 3
9.0,0.70907088,200000,QuickSortBestCase - 4
5.0,1.47791936,100000,QuickSortBestCase - 0
7.0,0.31650332,100000,QuickSortBestCase - 1
6.0,0.93102306,100000,QuickSortBestCase - 2
6.0,0.0501721632,100000,QuickSortBestCase - 3
7.0,0.50420916,100000,QuickSortBestCase - 4
4.0,1.17121472,50000,QuickSortBestCase - 0
4.0,0.09281589999999999,50000,QuickSortBestCase - 1
3.0,0.56590425,50000,QuickSortBestCase - 2
3.0,1.1538662,50000,QuickSortBestCase - 3
4.0,0.11000220000000001,50000,QuickSortBestCase - 4
24.0,0.7872633600000001,600000,QuickSortBestCase - 0
25.0,0.28513148,600000,QuickSortBestCase - 1
24.0,1.3227505199999998,600000,QuickSortBestCase - 2
23.0,0.4760586,600000,QuickSortBestCase - 3
25.0,0.23275738749999997,600000,QuickSortBestCase - 4
19.0,0.62733556,500000,QuickSortBestCase - 0
20.0,0.200509994,500000,QuickSortBestCase - 1
20.0,0.79933004,500000,QuickSortBestCase - 2
21.0,0.17965101,500000,QuickSortBestCase - 3
20.0,0.9527994000000002,500000,QuickSortBestCase - 4
13.0,0.1409817,300000,QuickSortBestCase - 0
13.0,1.01983136,300000,QuickSortBestCase - 1
13.0,0.14643579,300000,QuickSortBestCase - 2
13.0,0.78520969,300000,QuickSortBestCase - 3
13.0,0.1128784514,300000,QuickSortBestCase - 4
27.0,0.72527414,700000,QuickSortBestCase - 0
28.0,0.2331849576,700000,QuickSortBestCase - 1
27.0,1.04531062,700000,QuickSortBestCase - 2
27.0,0.42854225,700000,QuickSortBestCase - 3
27.0,0.265861116,700000,QuickSortBestCase - 4
6.0,1.18315809,125000,QuickSortWorstCase - 0
7.0,0.56027968,125000,QuickSortWorstCase - 1
7.0,1.4846886599999998,125000,QuickSortWorstCase - 2
9.0,0.63660936,125000,QuickSortWorstCase - 3
8.0,1.34306946,125000,QuickSortWorstCase - 4
7.0,0.25044384,100000,QuickSortWorstCase - 0
7.0,0.8733487400000001,100000,QuickSortWorstCase - 1
7.0,1.5240078000000001,100000,QuickSortWorstCase - 2
6.0,0.4018455,100000,QuickSortWorstCase - 3
6.0,1.15456875,100000,QuickSortWorstCase - 4
6.0,0.13910856000000002,150000,QuickSortWorstCase - 0
9.0,0.7009281799999999,150000,QuickSortWorstCase - 1
9.0,1.40807288,150000,QuickSortWorstCase - 2
6.0,0.31715264,150000,QuickSortWorstCase - 3
9.0,0.9391999700000001,150000,QuickSortWorstCase - 4
10.0,0.08275740000000001,200000,QuickSortWorstCase - 0
10.0,0.63868116,200000,QuickSortWorstCase - 1
10.0,1.42811876,200000,QuickSortWorstCase - 2
11.0,0.34929477000000003,200000,QuickSortWorstCase - 3
11.0,1.0792665,200000,QuickSortWorstCase - 4
10.0,0.13122225,175000,QuickSortWorstCase - 0
11.0,0.74858905,175000,QuickSortWorstCase - 1
9.0,0.08021747584158415,175000,QuickSortWorstCase - 2
10.0,0.8536711800000001,175000,QuickSortWorstCase - 3
9.0,0.12983124,175000,QuickSortWorstCase - 4
1.0,0.97579105,25000,QuickSortWorstCase - 0
2.0,0.15365434,25000,QuickSortWorstCase - 1
2.0,0.5654502,25000,QuickSortWorstCase - 2
1.0,1.3999128600000001,25000,QuickSortWorstCase - 3
2.0,0.41240266000000003,25000,QuickSortWorstCase - 4
4.0,0.07483621584158416,75000,QuickSortWorstCase - 0
4.0,0.96718528,75000,QuickSortWorstCase - 1
6.0,0.11637613,75000,QuickSortWorstCase - 2
6.0,0.6025990600000001,75000,QuickSortWorstCase - 3
6.0,1.31914645,75000,QuickSortWorstCase - 4
5.0,0.20290650999999998,50000,QuickSortWorstCase - 0
5.0,0.7350662,50000,QuickSortWorstCase - 1
5.0,1.3980439199999999,50000,QuickSortWorstCase - 2
4.0,0.3112396,50000,QuickSortWorstCase - 3
5.0,0.86982399,50000,QuickSortWorstCase - 4
89.0,1.3861662957999998,900000,QuickSortRandomCase - 0
79.0,0.8213653599999999,900000,QuickSortRandomCase - 1
80.0,0.9227400871287128,900000,QuickSortRandomCase - 2
18.0,0.17021058415841583,200000,QuickSortRandomCase - 0
19.0,0.59898041,200000,QuickSortRandomCase - 1
18.0,1.62629212,200000,QuickSortRandomCase - 2
27.0,0.5915205,300000,QuickSortRandomCase - 0
27.0,0.2812497336,300000,QuickSortRandomCase - 1
30.0,0.68499472,300000,QuickSortRandomCase - 2
63.0,0.5589399375,700000,QuickSortRandomCase - 0
62.0,0.6117316986,700000,QuickSortRandomCase - 1
60.0,0.64313805,700000,QuickSortRandomCase - 2
20.0,1.3971276,200000,QuickSortRandomCase - 0
18.0,0.82157,200000,QuickSortRandomCase - 1
16.0,1.63185386,200000,QuickSortRandomCase - 2
79.0,0.9296288472277229,900000,QuickSortRandomCase - 0
80.0,1.0010496,900000,QuickSortRandomCase - 1
83.0,1.0768300812,900000,QuickSortRandomCase - 2
183.0,3.418059126930693,1000000,QuickSortRandomCase - 0
106.0,1.240957133861386,1000000,QuickSortRandomCase - 1
101.0,1.0219675300000002,1000000,QuickSortRandomCase - 2
37.0,0.6244216,400000,QuickSortRandomCase - 0
35.0,0.3143562905000001,400000,QuickSortRandomCase - 1
36.0,1.1926153800000001,400000,QuickSortRandomCase - 2
6.0,0.15018514000000002,50000,QuickSortRandomCase - 0
7.0,0.9312713399999999,50000,QuickSortRandomCase - 1
7.0,1.4760639,50000,QuickSortRandomCase - 2
61.0,0.8399339496039604,700000,QuickSortRandomCase - 0
60.0,1.20347952,700000,QuickSortRandomCase - 1
62.0,0.99231888,700000,QuickSortRandomCase - 2
27.0,0.59676708,300000,QuickSortRandomCase - 0
26.0,0.26811975108910885,300000,QuickSortRandomCase - 1
24.0,0.7367703199999999,300000,QuickSortRandomCase - 2
82.0,0.96187364,900000,QuickSortRandomCase - 0
83.0,0.9841336379207921,900000,QuickSortRandomCase - 1
89.0,1.0564875063366335,900000,QuickSortRandomCase - 2
98.0,0.9300591510000001,1000000,QuickSortRandomCase - 0
98.0,1.09384562,1000000,QuickSortRandomCase - 1
93.0,0.7329807834000001,1000000,QuickSortRandomCase - 2
53.0,0.86884494,600000,QuickSortRandomCase - 0
60.0,0.9078442,600000,QuickSortRandomCase - 1
52.0,1.0713840000000001,600000,QuickSortRandomCase - 2
7.0,0.20032236000000003,50000,QuickSortRandomCase - 0
5.0,1.25660584,50000,QuickSortRandomCase - 1
6.0,0.272689,50000,QuickSortRandomCase - 2
4.0,1.66115577,25000,QuickSortRandomCase - 0
2.0,0.5958972,25000,QuickSortRandomCase - 1
4.0,1.5570076800000001,25000,QuickSortRandomCase - 2
58.0,0.7200597572000002,600000,QuickSortRandomCase - 0
57.0,0.617895276,600000,QuickSortRandomCase - 1
57.0,0.49861844287128715,600000,QuickSortRandomCase - 2
56.0,0.6721235400000001,600000,QuickSortRandomCase - 0
58.0,0.79251508,600000,QuickSortRandomCase - 1
57.0,1.40736,600000,QuickSortRandomCase - 2
67.0,0.8058523310891089,700000,QuickSortRandomCase - 0
68.0,0.6998112356,700000,QuickSortRandomCase - 1
61.0,0.5349755632,700000,QuickSortRandomCase - 2
90.0,0.77291397,1000000,QuickSortRandomCase - 0
87.0,0.9442044190099009,1000000,QuickSortRandomCase - 1
88.0,0.9647903231999999,1000000,QuickSortRandomCase - 2
72.0,0.7700640594059405,800000,QuickSortRandomCase - 0
73.0,0.7855497515000001,800000,QuickSortRandomCase - 1
73.0,0.7380811949,800000,QuickSortRandomCase - 2
5.0,1.17050626,25000,QuickSortRandomCase - 0
5.0,0.20676631999999998,25000,QuickSortRandomCase - 1
5.0,0.74543112,25000,QuickSortRandomCase - 2
27.0,0.23145372,300000,QuickSortRandomCase - 0
29.0,1.08270708,300000,QuickSortRandomCase - 1
43.0,1.13870808,300000,QuickSortRandomCase - 2
112.0,2.09244056,900000,QuickSortRandomCase - 0
79.0,0.6261064735999999,900000,QuickSortRandomCase - 1
80.0,0.8321411999999999,900000,QuickSortRandomCase - 2
52.0,0.8502479999999999,600000,QuickSortRandomCase - 0
54.0,0.4672692,600000,QuickSortRandomCase - 1
52.0,0.67266384,600000,QuickSortRandomCase - 2
36.0,0.3132501552,400000,QuickSortRandomCase - 0
36.0,0.3535677730693069,400000,QuickSortRandomCase - 1
38.0,0.84475872,400000,QuickSortRandomCase - 2
7.0,0.10544408,50000,QuickSortRandomCase - 0
7.0,0.59750288,50000,QuickSortRandomCase - 1
8.0,1.6232542600000002,50000,QuickSortRandomCase - 2
35.0,0.76572666,400000,QuickSortRandomCase - 0
35.0,0.61327725,400000,QuickSortRandomCase - 1
35.0,0.2561224143564357,400000,QuickSortRandomCase - 2
81.0,0.7920187618811881,900000,QuickSortRandomCase - 0
80.0,0.6813841267326732,900000,QuickSortRandomCase - 1
78.0,0.5676397330693069,900000,QuickSortRandomCase - 2
81.0,1.06260126,900000,QuickSortRandomCase - 0
82.0,0.8800086168000001,900000,QuickSortRandomCase - 1
83.0,0.9010051358415841,900000,QuickSortRandomCase - 2
62.0,0.5055684724,700000,QuickSortRandomCase - 0
62.0,0.5243406712,700000,QuickSortRandomCase - 1
62.0,0.49981639759999996,700000,QuickSortRandomCase - 2
92.0,0.7375515892000001,1000000,QuickSortRandomCase - 0
90.0,1.0849791599999998,1000000,QuickSortRandomCase - 1
89.0,0.9582597603999999,1000000,QuickSortRandomCase - 2
11.0,0.09643302801980197,100000,QuickSortRandomCase - 0
12.0,0.6871805099999999,100000,QuickSortRandomCase - 1
11.0,1.33961373,100000,QuickSortRandomCase - 2
69.0,1.2723095,800000,QuickSortRandomCase - 0
71.0,0.7360421254999998,800000,QuickSortRandomCase - 1
76.0,1.0159218130693068,800000,QuickSortRandomCase - 2
11.0,1.31249664,100000,QuickSortRandomCase - 0
11.0,0.19001886999999998,100000,QuickSortRandomCase - 1
11.0,0.7511957199999999,100000,QuickSortRandomCase - 2
11.0,0.07685817405940594,100000,QuickSortRandomCase - 0
11.0,0.42981708,100000,QuickSortRandomCase - 1
10.0,1.20288252,100000,QuickSortRandomCase - 2
91.0,0.9146403332673267,1000000,QuickSortRandomCase - 0
91.0,1.0234595917,1000000,QuickSortRandomCase - 1
89.0,0.813362804950495,1000000,QuickSortRandomCase - 2
64.0,0.8749641600000001,700000,QuickSortRandomCase - 0
59.0,0.6353745,700000,QuickSortRandomCase - 1
63.0,0.75079704,700000,QuickSortRandomCase - 2
26.0,0.84233958,300000,QuickSortRandomCase - 0
26.0,1.2724882499999999,300000,QuickSortRandomCase - 1
55.0,1.18190324,300000,QuickSortRandomCase - 2
5.0,1.62402378,25000,QuickSortRandomCase - 0
5.0,0.14596897000000003,25000,QuickSortRandomCase - 1
5.0,0.59091784,25000,QuickSortRandomCase - 2
36.0,0.297812232,400000,QuickSortRandomCase - 0
36.0,0.9306616,400000,QuickSortRandomCase - 1
36.0,0.4228992,400000,QuickSortRandomCase - 2
9.0,1.23778773,75000,QuickSortRandomCase - 0
9.0,0.17498182999999998,75000,QuickSortRandomCase - 1
9.0,0.60558905,75000,QuickSortRandomCase - 2
11.0,0.0738441473,100000,QuickSortRandomCase - 0
12.0,0.40510512000000004,100000,QuickSortRandomCase - 1
11.0,1.1182096,100000,QuickSortRandomCase - 2
19.0,0.272442,200000,QuickSortRandomCase - 0
19.0,0.9491624799999999,200000,QuickSortRandomCase - 1
19.0,0.21596275999999998,200000,QuickSortRandomCase - 2
70.0,0.729590708,800000,QuickSortRandomCase - 0
70.0,0.7526995280000001,800000,QuickSortRandomCase - 1
72.0,0.7555160815841584,800000,QuickSortRandomCase - 2
35.0,1.3094631,400000,QuickSortRandomCase - 0
35.0,0.5522990999999999,400000,QuickSortRandomCase - 1
34.0,0.34841431,400000,QuickSortRandomCase - 2
5.0,1.0713015,25000,QuickSortRandomCase - 0
5.0,0.373632,25000,QuickSortRandomCase - 1
5.0,0.8213452,25000,QuickSortRandomCase - 2
35.0,0.23656542000000003,400000,QuickSortRandomCase - 0
35.0,0.32073623400000006,400000,QuickSortRandomCase - 1
31.0,0.64187328,400000,QuickSortRandomCase - 2
8.0,0.05226609584158416,50000,QuickSortRandomCase - 0
7.0,0.43176546,50000,QuickSortRandomCase - 1
8.0,1.0636906799999999,50000,QuickSortRandomCase - 2
10.0,0.09777068,100000,QuickSortRandomCase - 0
12.0,0.54310412,100000,QuickSortRandomCase - 1
12.0,1.2945040799999998,100000,QuickSortRandomCase - 2
79.0,0.8959824184,900000,QuickSortRandomCase - 0
80.0,0.819748784,900000,QuickSortRandomCase - 1
79.0,0.8082319675999999,900000,QuickSortRandomCase - 2
62.0,0.6026559836,700000,QuickSortRandomCase - 0
62.0,0.6117095011881187,700000,QuickSortRandomCase - 1
61.0,0.6834916585148515,700000,QuickSortRandomCase - 2
70.0,0.7517291128712872,800000,QuickSortRandomCase - 0
69.0,0.7154585505000001,800000,QuickSortRandomCase - 1
70.0,0.9513256499999999,800000,QuickSortRandomCase - 2
36.0,1.20548679,400000,QuickSortRandomCase - 0
36.0,0.48632853,400000,QuickSortRandomCase - 1
34.0,0.30327534,400000,QuickSortRandomCase - 2
61.0,0.5389813294999999,700000,QuickSortRandomCase - 0
61.0,0.5966041682,700000,QuickSortRandomCase - 1
61.0,0.5006029416,700000,QuickSortRandomCase - 2
19.0,1.19120638,200000,QuickSortRandomCase - 0
19.0,0.7087251099999999,200000,QuickSortRandomCase - 1
19.0,0.1292868984,200000,QuickSortRandomCase - 2
5.0,0.47935439999999996,25000,QuickSortRandomCase - 0
5.0,1.20983544,25000,QuickSortRandomCase - 1
5.0,0.31535401,25000,QuickSortRandomCase - 2
11.0,1.09777668,100000,QuickSortRandomCase - 0
11.0,0.1684566,100000,QuickSortRandomCase - 1
12.0,0.70613056,100000,QuickSortRandomCase - 2
9.0,0.05534804762376237,75000,QuickSortRandomCase - 0
10.0,0.45915636,75000,QuickSortRandomCase - 1
9.0,1.43472135,75000,QuickSortRandomCase - 2
19.0,0.20535039,200000,QuickSortRandomCase - 0
19.0,0.9262823299999999,200000,QuickSortRandomCase - 1
19.0,0.12583410819999996,200000,QuickSortRandomCase - 2
44.0,0.911211,500000,QuickSortRandomCase - 0
44.0,0.40791503,500000,QuickSortRandomCase - 1
44.0,0.360502472,500000,QuickSortRandomCase - 2
36.0,1.09698952,400000,QuickSortRandomCase - 0
35.0,0.36344508,400000,QuickSortRandomCase - 1
35.0,0.2270030866336634,400000,QuickSortRandomCase - 2
5.0,0.7401839,25000,QuickSortRandomCase - 0
4.0,0.20478522999999998,25000,QuickSortRandomCase - 1
5.0,0.63037408,25000,QuickSortRandomCase - 2
12.0,0.07985796356435644,100000,QuickSortRandomCase - 0
11.0,0.70949452,100000,QuickSortRandomCase - 1
12.0,0.09191941188118813,100000,QuickSortRandomCase - 2
46.0,1.051531,500000,QuickSortRandomCase - 0
44.0,0.66940197,500000,QuickSortRandomCase - 1
44.0,0.32966458000000004,500000,QuickSortRandomCase - 2
27.0,0.20637545040000002,300000,QuickSortRandomCase - 0
27.0,0.6556230399999999,300000,QuickSortRandomCase - 1
28.0,0.29040453,300000,QuickSortRandomCase - 2
27.0,1.37707713,300000,QuickSortRandomCase - 0
27.0,1.0844728799999999,300000,QuickSortRandomCase - 1
27.0,0.28061556,300000,QuickSortRandomCase - 2
27.0,1.25684064,300000,QuickSortRandomCase - 0
26.0,0.9570288,300000,QuickSortRandomCase - 1
27.0,0.17558072,300000,QuickSortRandomCase - 2
44.0,0.3749150283999999,500000,QuickSortRandomCase - 0
43.0,1.1414950199999998,500000,QuickSortRandomCase - 1
44.0,0.60548605,500000,QuickSortRandomCase - 2
27.0,0.2062228,300000,QuickSortRandomCase - 0
27.0,1.000523,300000,QuickSortRandomCase - 1
27.0,0.3647452,300000,QuickSortRandomCase - 2
19.0,1.28773992,200000,QuickSortRandomCase - 0
19.0,0.34764201,200000,QuickSortRandomCase - 1
19.0,1.06979086,200000,QuickSortRandomCase - 2
9.0,0.22289599,75000,QuickSortRandomCase - 0
7.0,0.68554024,75000,QuickSortRandomCase - 1
9.0,1.44013065,75000,QuickSortRandomCase - 2
45.0,0.5964926,500000,QuickSortRandomCase - 0
46.0,0.541106,500000,QuickSortRandomCase - 1
45.0,0.47956779356435647,500000,QuickSortRandomCase - 2
7.0,0.78945088,50000,QuickSortRandomCase - 0
7.0,0.045424987722772286,50000,QuickSortRandomCase - 1
7.0,0.34782257,50000,QuickSortRandomCase - 2
79.0,1.204834056,900000,QuickSortRandomCase - 0
79.0,0.5524115282178218,900000,QuickSortRandomCase - 1
79.0,1.15612815,900000,QuickSortRandomCase - 2
70.0,1.06987914,800000,QuickSortRandomCase - 0
69.0,0.92956167,800000,QuickSortRandomCase - 1
71.0,0.7667234605940593,800000,QuickSortRandomCase - 2
70.0,0.796113292079208,800000,QuickSortRandomCase - 0
69.0,0.9220196700000001,800000,QuickSortRandomCase - 1
71.0,0.7191950834653464,800000,QuickSortRandomCase - 2
36.0,0.7936617,400000,QuickSortRandomCase - 0
35.0,0.610545,400000,QuickSortRandomCase - 1
35.0,0.24961136089108912,400000,QuickSortRandomCase - 2
7.0,1.2307250799999998,50000,QuickSortRandomCase - 0
6.0,0.05080369,50000,QuickSortRandomCase - 1
7.0,0.37283244,50000,QuickSortRandomCase - 2
70.0,0.5714282623762377,800000,QuickSortRandomCase - 0
69.0,0.5525087508000001,800000,QuickSortRandomCase - 1
88.0,1.6280994136,800000,QuickSortRandomCase - 2
109.0,2.0707689631683164,1000000,QuickSortRandomCase - 0
89.0,0.7322191786138613,1000000,QuickSortRandomCase - 1
91.0,0.79672726,1000000,QuickSortRandomCase - 2
10.0,0.71363296,75000,QuickSortRandomCase - 0
10.0,1.2311595999999998,75000,QuickSortRandomCase - 1
9.0,0.2601612,75000,QuickSortRandomCase - 2
7.0,0.78833716,50000,QuickSortRandomCase - 0
7.0,1.46612928,50000,QuickSortRandomCase - 1
7.0,0.2887383,50000,QuickSortRandomCase - 2
7.0,0.86963184,50000,QuickSortRandomCase - 0
7.0,1.5800449500000002,50000,QuickSortRandomCase - 1
7.0,0.37553364,50000,QuickSortRandomCase - 2
19.0,1.13825758,200000,QuickSortRandomCase - 0
19.0,0.23893419000000002,200000,QuickSortRandomCase - 1
19.0,1.24975922,200000,QuickSortRandomCase - 2
80.0,0.7790665800000001,900000,QuickSortRandomCase - 0
80.0,0.83876536,900000,QuickSortRandomCase - 1
83.0,0.9101944438613863,900000,QuickSortRandomCase - 2
44.0,0.457936356039604,500000,QuickSortRandomCase - 0
44.0,0.82390308,500000,QuickSortRandomCase - 1
43.0,0.78388402,500000,QuickSortRandomCase - 2
44.0,0.33349051999999996,500000,QuickSortRandomCase - 0
44.0,0.33918733940594054,500000,QuickSortRandomCase - 1
45.0,0.46642893750000003,500000,QuickSortRandomCase - 2
4.0,1.19014815,25000,QuickSortRandomCase - 0
4.0,1.7669371500000002,25000,QuickSortRandomCase - 1
5.0,0.3186942,25000,QuickSortRandomCase - 2
81.0,0.8419912066336634,900000,QuickSortRandomCase - 0
78.0,0.8300540904950495,900000,QuickSortRandomCase - 1
80.0,0.75953616,900000,QuickSortRandomCase - 2
61.0,0.5239970028000001,700000,QuickSortRandomCase - 0
62.0,0.596725696,700000,QuickSortRandomCase - 1
60.0,0.512095272,700000,QuickSortRandomCase - 2
70.0,0.65702147,800000,QuickSortRandomCase - 0
70.0,0.5443963069306932,800000,QuickSortRandomCase - 1
69.0,0.5038367634653464,800000,QuickSortRandomCase - 2
19.0,0.1544428412871287,200000,QuickSortRandomCase - 0
18.0,1.14766575,200000,QuickSortRandomCase - 1
18.0,0.19185739999999998,200000,QuickSortRandomCase - 2
8.0,0.9251991999999999,75000,QuickSortRandomCase - 0
9.0,0.08279824366336634,75000,QuickSortRandomCase - 1
7.0,0.6544259,75000,QuickSortRandomCase - 2
4.0,1.50618454,50000,QuickSortRandomCase - 0
4.0,0.4879994000000001,50000,QuickSortRandomCase - 1
4.0,1.3641759599999999,50000,QuickSortRandomCase - 2
4.0,0.32582,50000,QuickSortRandomCase - 0
3.0,0.80950374,50000,QuickSortRandomCase - 1
4.0,1.59735928,50000,QuickSortRandomCase - 2
88.0,1.0807628479999998,1000000,QuickSortRandomCase - 0
89.0,1.2007555684,1000000,QuickSortRandomCase - 1
88.0,1.2482174143999998,1000000,QuickSortRandomCase - 2
41.0,0.5321771915000001,500000,QuickSortRandomCase - 0
41.0,1.40743057,500000,QuickSortRandomCase - 1
42.0,0.7489728,500000,QuickSortRandomCase - 2
6.0,0.5012224000000001,75000,QuickSortRandomCase - 0
18.0,0.8668778199999999,75000,QuickSortRandomCase - 1
6.0,1.6401132,75000,QuickSortRandomCase - 2
42.0,1.17204438,500000,QuickSortRandomCase - 0
44.0,0.46461532,500000,QuickSortRandomCase - 1
45.0,0.4564635950495049,500000,QuickSortRandomCase - 2
54.0,0.6422287152475248,600000,QuickSortRandomCase - 0
57.0,1.13753254,600000,QuickSortRandomCase - 1
53.0,0.8231188,600000,QuickSortRandomCase - 2
51.0,0.5882628,600000,QuickSortRandomCase - 0
52.0,0.4881789140594059,600000,QuickSortRandomCase - 1
54.0,0.5682293073267326,600000,QuickSortRandomCase - 2
43.0,0.49132729229999994,500000,QuickSortRandomCase - 0
45.0,0.78253272,500000,QuickSortRandomCase - 1
43.0,0.58047248,500000,QuickSortRandomCase - 2
62.0,0.5449315356435643,700000,QuickSortRandomCase - 0
62.0,0.60257664,700000,QuickSortRandomCase - 1
60.0,0.5683924396039604,700000,QuickSortRandomCase - 2
27.0,0.36993117999999997,300000,QuickSortRandomCase - 0
27.0,1.54051994,300000,QuickSortRandomCase - 1
27.0,0.47732221999999996,300000,QuickSortRandomCase - 2
9.0,1.6914294,75000,QuickSortRandomCase - 0
8.0,0.46297323,75000,QuickSortRandomCase - 1
10.0,1.364553,75000,QuickSortRandomCase - 2
61.0,1.14423528,600000,QuickSortRandomCase - 0
57.0,0.6581364552,600000,QuickSortRandomCase - 1
52.0,0.6139309956,600000,QuickSortRandomCase - 2
37.0,1.22042785,400000,QuickSortRandomCase - 0
38.0,0.7984090800000001,400000,QuickSortRandomCase - 1
36.0,0.94900047,400000,QuickSortRandomCase - 2
27.0,0.22418755752475247,300000,QuickSortRandomCase - 0
27.0,0.29051217,300000,QuickSortRandomCase - 1
27.0,0.6186385799999999,300000,QuickSortRandomCase - 2
11.0,0.17028288,100000,QuickSortRandomCase - 0
11.0,0.83148582,100000,QuickSortRandomCase - 1
10.0,1.52175848,100000,QuickSortRandomCase - 2
9.0,0.4312866000000001,75000,QuickSortRandomCase - 0
9.0,1.3380064800000002,75000,QuickSortRandomCase - 1
8.0,0.43526834,75000,QuickSortRandomCase - 2
53.0,0.5418668908,600000,QuickSortRandomCase - 0
54.0,0.5374857545999999,600000,QuickSortRandomCase - 1
54.0,0.56079837,600000,QuickSortRandomCase - 2
4.0,0.9286069,25000,QuickSortRandomCase - 0
4.0,1.5020764,25000,QuickSortRandomCase - 1
5.0,0.34914649000000003,25000,QuickSortRandomCase - 2
45.0,0.42809876999999996,500000,QuickSortRandomCase - 0
45.0,0.4411001205,500000,QuickSortRandomCase - 1
48.0,0.5386766975999999,500000,QuickSortRandomCase - 2
65.0,0.6884529859999999,700000,QuickSortRandomCase - 0
68.0,0.5720671700000001,700000,QuickSortRandomCase - 1
67.0,0.77408624,700000,QuickSortRandomCase - 2
8.0,0.49538209,75000,QuickSortRandomCase - 0
8.0,1.41734266,75000,QuickSortRandomCase - 1
8.0,0.59621904,75000,QuickSortRandomCase - 2
97.0,0.8735661017,1000000,QuickSortRandomCase - 0
96.0,1.3820619754455443,1000000,QuickSortRandomCase - 1
102.0,1.1039308223999997,1000000,QuickSortRandomCase - 2
57.0,0.6445630996039604,600000,QuickSortRandomCase - 0
56.0,0.5080948208,600000,QuickSortRandomCase - 1
57.0,0.6392074,600000,QuickSortRandomCase - 2
92.0,0.9310042110891088,1000000,QuickSortRandomCase - 0
99.0,1.0654070625,1000000,QuickSortRandomCase - 1
98.0,1.0688561051485148,1000000,QuickSortRandomCase - 2
57.0,0.4891015817821783,600000,QuickSortRandomCase - 0
57.0,0.7745342399999999,600000,QuickSortRandomCase - 1
56.0,1.13073676,600000,QuickSortRandomCase - 2
19.0,0.169982280990099,200000,QuickSortRandomCase - 0
20.0,0.8357621600000001,200000,QuickSortRandomCase - 1
19.0,0.41545799999999994,200000,QuickSortRandomCase - 2
79.0,0.713870228,800000,QuickSortRandomCase - 0
77.0,1.00036876,800000,QuickSortRandomCase - 1
76.0,0.8908111087999999,800000,QuickSortRandomCase - 2
20.0,0.180939086,200000,QuickSortRandomCase - 0
20.0,0.8454307900000001,200000,QuickSortRandomCase - 1
18.0,0.593291,200000,QuickSortRandomCase - 2
10.0,0.08347013,100000,QuickSortRandomCase - 0
10.0,1.1352294,100000,QuickSortRandomCase - 1
12.0,0.29206548,100000,QuickSortRandomCase - 2
11.0,1.06814428,100000,QuickSortRandomCase - 0
10.0,0.41872145,100000,QuickSortRandomCase - 1
11.0,1.34950088,100000,QuickSortRandomCase - 2
4.0,0.60981654,25000,QuickSortRandomCase - 0
4.0,1.6382009,25000,QuickSortRandomCase - 1
4.0,0.6445886300000001,25000,QuickSortRandomCase - 2
99.0,0.8056815525000001,1000000,QuickSortRandomCase - 0
100.0,1.1785588415841584,1000000,QuickSortRandomCase - 1
88.0,0.833035588,1000000,QuickSortRandomCase - 2
10.0,0.10235568,75000,QuickSortRandomCase - 0
9.0,0.81737007,75000,QuickSortRandomCase - 1
9.0,1.5487897499999999,75000,QuickSortRandomCase - 2
5.0,0.85030668,25000,QuickSortRandomCase - 0
5.0,1.3935771,25000,QuickSortRandomCase - 1
5.0,0.87621996,25000,QuickSortRandomCase - 2
73.0,0.6513042942574256,800000,QuickSortRandomCase - 0
70.0,0.5868740603960397,800000,QuickSortRandomCase - 1
70.0,0.7164088599999999,800000,QuickSortRandomCase - 2
